addresses;emerald_balance;eth_balance;erc20_input_tx_count;erc20_output_tx_count;erc20_amount_in;erc20_amount_out;erc20_balance;transfer_input_tx_count;transfer_output_tx_count;transfer_output_balance;swap_ledger_emerald_bought;swap_ledger_emerald_sold;swap_ledger_ether_gained;swap_ledger_ether_spent;swap_ledger_emerald_received;swap_ledger_eth_received;swap_ledger_received_from;swap_ledger_tx_list;os_eth_spent;os_eth_gained;os_emeralds_bought;os_emeralds_sold;ox_txs;is_contract
0x5f9d7cEf3e9298De2E91ff0CB486cE2C7fFc5144;-0.99;0.02467;0;1;0.0;0.99;-0.99;0;0;0;0.0;0.99;0.02467;0.0;0.0;0.0;0xfa15676f762011df4ab23e78bb1212f962bab13022acf7705148109db7da21cd;;0.0;0.0;0;0;;False
0x33B5629D0393f3Ab334320E012eCF91E816Cc2A4;-15.04;0.09706;1;1;0.82;15.86;-15.04;0;15;-15;0.8294;15.86;0.1521;0.05504;0.0;0.0;0x2deb31824623ad2d8649ce18d134ea65248861d321d97e774b7f41403e04e224, 0xe2113ebc80e0534481d3b91f75e6b67a920c7534cd5ef7392744342f61402305;;0.0;0.0;0;0;;False
0x931aD8A45831e80659e3E7c549453411A1785432;-1.47;0.1079;0;1;0.0;1.47;-1.47;0;1;-1;0.0;1.47;0.1079;0.0;0.0;0.0;0x1ae0cea978280265078c147a6347ff4bd338a7fc176f7822f93d229b2d81d9cc;;0.0;0.0;0;0;;False
0x1cC972Ff969689873f8010bDD0Cf3dC30618397E;0.0;-0.2033;1;1;7.71;7.71;0.0;7;7;0;7.72;7.71;0.4117;0.615;0.0;0.0;0xa0c9f461957ee6966f7f5ff91384f03439e6e853f943585d3e7ab6ae09601654, 0x60dd2066367541a7e0061ad80943b2b4551832a5436733f528932b6c9711d81d;;0.0;0.0;0;0;;False
0xAee33D473C68f9B4946020d79021416ff0587005;-1.51;0.02208;0;1;0.0;1.51;-1.51;0;1;-1;0.0;1.51;0.02208;0.0;0.0;0.0;0xac44362fa2d1b0b67633ec7a785bcbaf0f883dc883757689de78598a7c57c908;;0.0;0.0;0;0;;False
0xD7b16a6B6b7072154f6C15039AFA7C2740013A5E;-11.4;0.839;0;1;0.0;11.4;-11.4;0;11;-11;0.0;11.4;0.839;0.0;0.0;0.0;0x40eb9391efbc30ebbd81a12f48d7588181b2bc98eba4ca80c854954a44dbd1f6;;0.0;0.0;0;0;;False
0xC425b8994Eb8b5b607246f01DF9d7dc81ECd4fBA;-2.0;0.06147;0;1;0.0;2.0;-2.0;0;2;-2;0.0;2.0;0.06147;0.0;0.0;0.0;0xd97623dda7a31c18f7da7ca5ce12eec4859a39a837b20b3aef03acc6ca43e674;;0.0;0.0;0;0;;False
0xFEB37531c44701c48FA9DD4256DC0f97c9568Cb9;-4.64;0.1831;0;1;0.0;4.64;-4.64;0;4;-4;0.0;4.64;0.1831;0.0;0.0;0.0;0x742018cabd79c6572b3c15058e603c20ee56baa6ef1f056c07e03c07048c777b;;0.0;0.0;0;0;;False
0x5550D13389bB70F45fCeF58f19f6b6e87F6e747d;0.0;0.0;1;1;23.02;23.02;0.0;23;23;0;0.0;0.0;0.0;0.0;0.0;0.4444;0xac835416acf4e10b4c4de035aa1c4e3edbe96baaee94de1ce8c676eb8a8202be;0xFC949a08A15c32E87BDC6D0a0A3DF68E63603431;0.0;0.0;0;0;;True
0x1f5cE57481c7886AA0b0395F161B5F78dC5c8348;-11.67;0.1429;0;1;0.0;11.67;-11.67;0;11;-11;0.0;11.67;0.1429;0.0;0.0;0.0;0x74f553d51225d94b4f266decb7b9d26d5de913bbc65d1d1e3e805bf49d86b16e;;0.0;0.0;0;0;;False
0x151868435DC9A8536E8CD0122C2978BB9ccE73A1;-3.0;0.03726;0;1;0.0;3.0;-3.0;0;0;0;0.0;3.0;0.03726;0.0;0.0;0.0;0x0565cd3c3a04c451bbe729e06d206321ab1fb13dbb1d73a4baeebd0f9e1a9a04;;0.0;0.0;0;0;;False
0x7D9326D3b6A485E2d570158522EEA103b8a31573;-20.0;0.2348;0;1;0.0;20.0;-20.0;0;0;0;0.0;20.0;0.2348;0.0;0.0;0.0;0x2cd7667ffd9f3d299c58797fc7cd6219a43052583086b281fa3deae7b3a5e00c;;0.0;0.0;0;0;;False
0x21767AF935976596BDd23Bfa32e27618f72a9116;0.04;-0.001;1;0;0.04;0.0;0.04;0;0;0;0.04451;0.0;0.0;0.001;0.0;0.0;0x9b03c95b58baa675f220c5954b34fad4c1c9b14848f5099e776b846d2f1656bf;;0.0;0.0;0;0;;False
0x19bC26421e4165B67F82BdB7ADBDBa6fBfd3D5A4;-5.0;0.0;0;1;0.0;5.0;-5.0;0;0;0;0.0;0.0;0.0;0.0;0.0;0.0;;;0.0;0.0;0;0;;False
0x0605AFb3A02B0b069D0Caee84461b12300996e2D;-2.0;0.04736;0;1;0.0;2.0;-2.0;0;0;0;0.0;2.0;0.04736;0.0;0.0;0.0;0xa5e469eff207420078d82c091c3d32e88e815bbba1861dd8cd14756ef538c7c2;;0.0;0.0;0;0;;False
0xFE78d9253564045d8cbfDEc712cd32220139e36A;-3.79;0.08268;0;1;0.0;3.79;-3.79;0;3;-3;0.0;3.79;0.08268;0.0;0.0;0.0;0xb64d4648f27bc81a3d19c1afa86252d970ab0227cd8cc8ace82898503dd6bfe7;;0.0;0.0;0;0;;False
0xcD3bF671c89e9292411BBfc740C4A93fC21A27eB;-3.9;0.04668;0;1;0.0;3.9;-3.9;0;3;-3;0.0;3.9;0.04668;0.0;0.0;0.0;0xc9cb3284b888f7cb9101a2b4ba179c028dd112926aadf1494f89a1d9b0fd73e6;;0.0;0.0;0;0;;False
0xF395eC0dD6B0D0109659f199ba712E84c04cffff;0.0;0.0106;1;1;6.32;6.32;0.0;6;6;0;6.322;6.32;0.5106;0.5;0.0;0.0;0x375d8af6e388349234385b84b852cadecf09ef05bf73559367ae652432567244, 0x0ec779311f8f9f46032473c7a2df1fe0080b94e6dc15557e56628a6e2d01f0d8;;0.0;0.0;0;0;;False
0x02b76F1851BB5f8FE5f86C64f7A94939Ee4bC14f;1.0;-0.08363;1;0;1.0;0.0;1.0;1;0;1;1.0;0.0;0.0;0.08363;0.0;0.0;0x09204a12789f01880846b3adc216fdf579cb6954d911ad1e353334fe326decff;;0.0;0.0;0;0;;False
0x2EE5Fa95e44aFac32EC3b6f73122B1918D541D9D;-15.0;0.2053;0;1;0.0;15.0;-15.0;0;15;-15;0.0;15.0;0.2053;0.0;0.0;0.0;0x1bb1688fc374a5fcd4a35b1b717c549c3cfd73d359049e144f4fded9e9f4c69e;;0.0;0.0;0;0;;False
0x53376bF366296A65095dDE0949fE58BA77cDaba9;-44.26;1.881;0;1;0.0;44.26;-44.26;0;44;-44;0.0;44.26;1.881;0.0;0.0;0.0;0xd80cc238ae86d9a4d26b452d2573910f6a02a32288c59f8326320fdfe92a76d7;;0.0;0.0;0;0;;False
0x1F955D56bfdc4Eb4e97A865173065DD1F9Fd29aA;-72.21;1.626;1;1;0.79;73.0;-72.21;0;73;-73;0.79;73.0;1.64;0.01385;0.0;0.0;0xb4ad4c291e492f7b8510cb6b23118484a0cabb1f50b374f5335f8a3cd6438686, 0x9e199e090186b4323168f1843d37b85858a2e37edc9b6d86ed4549ed2c1b2af9;;0.0;0.0;0;0;;False
0x64B416eE21450a8aEc6c216D527D2448928314ca;-75.0;3.01;0;2;0.0;75.0;-75.0;0;0;0;0.0;75.0;3.01;0.0;0.0;0.0;0xdd441674ff4d964b7ac1e71a3435d78c7d248fd455c5fca1a6a6c8a7e82d0e43, 0x688eb986d515e40a2d8e801ac3de39111d54d23c528f42524bbc5bc70e91a43c;;0.0;0.0;0;0;;False
0x77777E7a8f844B73F6269bbDA7f440Af16038d90;-50.0;1.484;0;2;0.0;50.0;-50.0;0;0;0;0.0;50.0;1.484;0.0;0.0;0.0;0xa45c6b24be008052a12147e9507f2f1b5f560ed42f1dfc849672ef6534ceb6e4, 0x2c6ae52ec9fd788a00319783289fb980df01fa29ec2886910290923e4b263ff3;;0.0;0.0;0;0;;False
0x5037A6ed582615012E6Adb607F5a373A0646b335;-9.4;0.124;0;1;0.0;9.4;-9.4;0;9;-9;0.0;9.4;0.124;0.0;0.0;0.0;0x0428e866cb42f449d10640be226d8dbcfd197d780347b3d46cb3eff114f54638;;0.0;0.0;0;0;;False
0xcC058f6960AB2994C1E4e9BfF414D990f54b93f0;-1.0;0.00811;1;1;0.99;1.99;-1.0;0;0;0;0.99;1.99;0.02018;0.01207;0.0;0.0;0x8eefcef87ce04f39e03f2d4232724d68e9b2db6919daa809196064ed8de1c479, 0xfe2e8f9f6875201f3035de87e7fb98e42de862c21a2fe73360192c4d1f6a51ee;;0.0;0.0;0;0;;False
0xdBE7C71cdC2CD4f62620F5F35d3963f57FDEB51B;-10.68;0.8126;0;1;0.0;10.68;-10.68;0;10;-10;0.0;10.68;0.8126;0.0;0.0;0.0;0x12f0f3bff230c1dfa52bbf2046a65cb65db72b975bed139cf3b28d17baa9e130;;0.0;0.0;0;0;;False
0x72A3C19E913355a2B5Dd7b7083807B4F9bAb5A4B;-30.0;0.2953;0;1;0.0;30.0;-30.0;0;30;-30;0.0;30.0;0.2953;0.0;0.0;0.0;0x22f6169ba9237030ad954f465473c032ef4ed429420d781ff7b8be8941c6148f;;0.0;0.0;0;0;;False
0xbFFBa2dB353E6DE6c461ee4f031a8747Caa3ca67;-19.0;0.7832;0;1;0.0;19.0;-19.0;0;19;-19;0.0;19.0;0.7832;0.0;0.0;0.0;0xc9a822555f39bda762dd68fe58c15f4b131ff7598f88ea6b3b9c7ec6b8de8a7f;;0.0;0.0;0;0;;False
0xFC949a08A15c32E87BDC6D0a0A3DF68E63603431;-23.02;0.4444;0;1;0.0;23.02;-23.02;0;23;-23;0.0;23.02;0.4444;0.0;0.0;0.0;0xac835416acf4e10b4c4de035aa1c4e3edbe96baaee94de1ce8c676eb8a8202be;;0.0;0.0;0;0;;False
0x806f22f433ad7a781518a0187a40DB30f049448B;-9.0;0.3749;0;1;0.0;9.0;-9.0;0;9;-9;0.0;9.0;0.3749;0.0;0.0;0.0;0x675cda20d7f9f9ca9f9fc62cfd0a37bcbbae63722c8c9aa58c24f34f25a7f437;;0.0;0.0;0;0;;False
0xcDD7c5eE37A5CcA185807E5c2d2C4cB9eF3d8923;-1.53;0.08001;0;1;0.0;1.53;-1.53;0;1;-1;0.0;1.53;0.08001;0.0;0.0;0.0;0xb65b356497248091aec857a21cbab9afd518924f16b3df425c1c4f3a24777524;;0.0;0.0;0;0;;False
0x42f5998daeD3c564D4fC7a8529a1aCFe025f8818;-3.0;0.05205;0;1;0.0;3.0;-3.0;0;3;-3;0.0;3.0;0.05205;0.0;0.0;0.0;0xe07a46307ffbbc6cdcacfde3a9ac46f72dc57c2ed743bfb03bbe3acdc6e45fde;;0.0;0.0;0;0;;False
0x4ed4760a09E9AdF799528CE457aE5C8876594da5;-5.0;0.06059;0;1;0.0;5.0;-5.0;0;5;-5;0.0;5.0;0.06059;0.0;0.0;0.0;0x53f2591e4cd92694e5c0ae953fe7cf7a4877175b1c19dd19715e09ce7e070cde;;0.0;0.0;0;0;;False
0x1C4e90fC8bdAdE442aeD58f8011db5A17A2E7199;-10.0;0.2155;0;1;0.0;10.0;-10.0;0;10;-10;0.0;10.0;0.2155;0.0;0.0;0.0;0xc7e581b4f15d55486ef828fa4a579c03ce75097f0954ee1d85cd1bf4862bc08b;;0.0;0.0;0;0;;False
0x7a4AbEd70366d19f1e1db8e95aD71DE7D299f4fd;0.0;-0.1293;1;1;5.44;5.44;0.0;5;5;0;5.444;5.44;0.3277;0.457;0.0;0.0;0xd222348cb7bc2825b46df9fef6cf8bc9ea15aa4ef6afaffb4496fa08af64b0bc, 0x0ff8630b03c9338fda047262d412e695d40679e95941278b18a046558d9d6deb;;0.0;0.0;0;0;;False
0x0D4217c4660388442908DF4B377F3c72E9Eeb944;-8.79;0.2232;0;1;0.0;8.79;-8.79;0;8;-8;0.0;8.79;0.2232;0.0;0.0;0.0;0x38d146bf4f72fbcb69904b0b2d4e28e47b99c36df1dbf6493380802d5a16ab94;;0.0;0.0;0;0;;False
0xC95C51cAaDdB5897966508005D75E53Dcb7FC975;-15.0;0.2186;0;1;0.0;15.0;-15.0;0;15;-15;0.0;15.0;0.2186;0.0;0.0;0.0;0x11f94b9f5dd9695b9681108b7526a6ae231e49f6cd7fc598e99b81dd461fb1f8;;0.0;0.0;0;0;;False
0xb717E7f13Bb369c935c09b65F1b62EBeC4d96E1f;-20.33;1.297;0;1;0.0;20.33;-20.33;0;20;-20;0.0;20.33;1.297;0.0;0.0;0.0;0x19776a9b132db56c8af7d8ee566d87f4a5feaa5fff25f238707a2bcc7c71538e;;0.0;0.0;0;0;;False
0xA51d3b97764C3b96f364218d8A6fd047eBe9b349;1.0499999999999998;0.0;2;6;0.72;5.67;-4.95;6;0;6;0.0;0.0;0.0;0.0;0.6226;0.0;0xc27709ed40d447742ea6c932a870749072a5d9ab4073fac628761fc9f8f618f5;0xaab2f49E5B0779D50FeF7d801bb4bC682dbbDB9e;0.0;0.0;0;0;;True
0x11800B759fb5F1E818D6B9E9f21BfaC2f0bB4636;-53.0;0.7118;0;1;0.0;53.0;-53.0;0;53;-53;0.0;53.0;0.7118;0.0;0.0;0.0;0x80f18b58ae59011bf5c76b090bca66f6a94983aa431e429413b6a65941b64d1a;;0.0;0.0;0;0;;False
0x0E241bb8df0d354d1e9a97DF499f0E2540a81129;0.99;-0.075;1;0;0.99;0.0;0.99;0;0;0;0.9938;0.0;0.0;0.075;0.0;0.0;0x726c13478679c466246d97ed62cc96f41536512ca90596beea6be6b542358c53;;0.0;0.0;0;0;;False
0x63bcC453d68f7855617f944B30f315eFa6dD3eC4;-120.0;1.697;0;1;0.0;120.0;-120.0;0;0;0;0.0;120.0;1.697;0.0;0.0;0.0;0x042dc4be9855ddc05aa4fe598da231825088fea1132d8c336249542b8e08e015;;0.0;0.0;0;0;;False
0x5B6b5d0cFBE56b81D76cd76d16f24c2845FE1a60;0.0;-0.05331;1;1;1.0;1.0;0.0;1;1;0;1.0;1.0;0.02198;0.07529;0.0;0.0;0x61225c24f8d867424a2edd7e67623daca803a30a2b2e59121a66ba4b5fa472c8, 0x2d9bd38aebba0ed1ad59f63d0733d95037e6e4eceabbed04fd6bc10b693b969b;;0.0;0.0;0;0;;False
0xF506835937F5FAb0fFFf1782c99C376111B31203;-15.0;0.912;0;1;0.0;15.0;-15.0;0;5;-5;0.0;15.0;0.912;0.0;0.0;0.0;0xa71eec704859bb0fe5814c299897da5b5c9f8ce4d0fc7840a06f352b703fe59d;;0.0;0.0;0;0;;False
0x5f30483631A4233dECe123886D3bC4075724FCFd;-13.52;0.1739;0;1;0.0;13.52;-13.52;0;13;-13;0.0;13.52;0.1739;0.0;0.0;0.0;0x86b775bd7ec454e11f609130cc0c6d27b9d6bc6579ba2ec8fd08c76ec375779f;;0.0;0.0;0;0;;False
0x2EC01bd2d99F8c413F983c8531477CC31E0f9d6c;-25.46;0.7596;0;1;0.0;25.46;-25.46;0;25;-25;0.0;25.46;0.7596;0.0;0.0;0.0;0xe4c05909d383f3961c898a4842af3e80d2c5ffa867741d388eb41d2e398b45d4;;0.0;0.0;0;0;;False
0x34E6Fd53C6C10141774a28de9520e21af6274d4B;0.0;0.0;0;0;0.0;0.0;0.0;6;6;0;0.0;0.0;0.0;0.0;0.005039;0.0;0x93c05acce2e80a55430e1bfbdf0231da154571e820a86c2f8ea42cb8f7c58233, 0x843cd449f0f518a4407919201f984387f2f442e75f6f52fca7c4a70173b7a8f1, 0x26bf23e7773b8cc973a3aeed6a25584ab65325eef2d877d89fb87cb4d2fbaf00, 0x30228115806f36b8fa87dcae26578fe8ce4e94ece1db38806820b53b80fed724, 0xe8f286679bb0a7b29b41a385a7d8cbb58f8827bf2156e65ba4016fc46cf72ddb, 0xbbfade9ee7fa8a500d2da4624a2401b984e29c919d696e461cd35afc142b0c86;0x5DeB43D9e928346c0ad2d7bFd5F95A55BD2324A7;0.0;0.0;0;0;;True
0x26Dd820243511f6Eb4b9EfB60cac2D977E1e8691;-20.09;0.1952;0;1;0.0;20.09;-20.09;0;20;-20;0.0;20.09;0.1952;0.0;0.0;0.0;0x56c140cd62d316246ad633e37baaecd3ce6e3f0002dde6ee1716ce2a7a2a52bb;;0.0;0.0;0;0;;False
0x846408aFF859F4223f50FC439642d9F2ed7D0bA8;0.0;-0.2604;1;1;6.7;6.7;0.0;6;6;0;6.703;6.7;0.2396;0.5;0.0;0.0;0x83af98bd0075178c9d7acd5e8f5da777a81fca59cc89888994f5a6777f595e52, 0xf7bc35d3971c69e5b7ffefadb5dc2c3c027469f10bfff0d277ee6d63d40b0e71;;0.0;0.0;0;0;;False
0xf9C5d3d360F24A7E319Bb27582b648AA8ef4F14F;-48.93;1.577;0;1;0.0;48.93;-48.93;0;48;-48;0.0;48.93;1.577;0.0;0.0;0.0;0x322d5ac11fa42d40b4a3ed54ca000faa27f89ccc53b41c5fd40051fce375341a;;0.0;0.0;0;0;;False
0x000000000c1500D6cf5A65167F131A53c82C1033;0.0;0.0;0;2;0.0;2.0;-2.0;2;0;2;0.0;0.0;0.0;0.0;0.000292;0.08622;0xc7917227b46a4c1303fe4b94d8cd058f01a904525ad0cda12d4a8d98ae753022, 0xf62c36bfcf91d6b5cb68ec5541fb6aba0d3c4ecf890825beec5fa6bf02f5a43b, 0x358a4dbc0722bb6f4c5e2a81dd7f6cd0e7737e5218edd6a190a2023ec65f9dbd, 0x27b6b2dfb4cf2a74ce5e0abf5b6747713ff89b4b189827856d827a31c55efd01;0xAE93B9FDF50b7D158c38647Af5D22f3e187F6a05;0.0;0.0;0;0;;True
0xb7f7C17dc9EC9eD2D0c272CfFf9b3De9f6ac96a8;-5.3;0.08114;0;3;0.0;5.3;-5.3;0;5;-5;0.0;5.3;0.08114;0.0;0.0;0.0;0xa563813bf41d67fb13b4e05dfbff84da3065bec9f1df6b5444b8fa40055ed6e4, 0x6d3c1534d14b0128a7ec7ecc8a0fb756161f2646722c6b29e7230973113b91db, 0x3f0ef9b8aa062d12ff4ceff5285be5efac66438118b4ba68f339ef6bb1b1445a;;0.0;0.0;0;0;;False
0x2BDF1a698d39A4358e2C162dEacc038FAdb8A9d5;0.0;-0.00222;1;1;0.99;0.99;0.0;0;0;0;1.0;0.99;0.06409;0.06631;0.0;0.0;0x2fe8ecf1c0b6ee0ac14132abc6f0e7b331b275eafbdbe9e56fbcefcdfa0f2f3e, 0x8c926011c86c7af924909a12e339ce78a0dc1fd10d06e3d4550073a5ba743624;;0.0;0.0;0;0;;False
0xB6ab823C6f694eE942021eBB8783DfF9DbEF6ce0;-5.0;0.2032;0;1;0.0;5.0;-5.0;0;2;-2;0.0;5.0;0.2032;0.0;0.0;0.0;0x257c4fa3e54454e0ee26c57939ed18771f4be424adfb70aa10d904f9bb2e6df2;;0.0;0.0;0;0;;False
0x5e4497356dBA3AA6b1e19de50CEdE95cb89F50e5;-3.87;0.04753;0;1;0.0;3.87;-3.87;0;3;-3;0.0;3.87;0.04753;0.0;0.0;0.0;0x0d525fac0b886271ca05c75f93a17ea49838ad2764669ce83950deeb69db7881;;0.0;0.0;0;0;;False
0x4B52db0454D9593B633dAb3aE5F037976899E576;-2.0;0.02717;0;1;0.0;2.0;-2.0;0;0;0;0.0;2.0;0.02717;0.0;0.0;0.0;0x336554518cacd6bcaad892d2769c75e6a8e874a2f6af38f4087f842e273218b6;;0.0;0.0;0;0;;False
0x5D2A90684B70b28249d59C797DBE379AaDA6078a;-10.81;0.1235;0;1;0.0;10.81;-10.81;0;10;-10;0.0;10.81;0.1235;0.0;0.0;0.0;0x5b52574e2990e985878385b6851416a7c540b6d693d0bc4dc67a2750e4b92b14;;0.0;0.0;0;0;;False
0x503514046121103D66337a867E23c19Be8617B30;-10.72;0.2739;0;1;0.0;10.72;-10.72;0;10;-10;0.0;10.72;0.2739;0.0;0.0;0.0;0xc9ef8b289bb5acaed0f8c72d97b63a56c7a861cdd772a7c762caa0b886d1a246;;0.0;0.0;0;0;;False
0x6cE5EB571242E22A7F8C809b06965eaE6b50f9d2;-11.85;0.522;0;1;0.0;11.85;-11.85;0;11;-11;0.0;11.85;0.522;0.0;0.0;0.0;0x5faedafac40ce359545bab51f62b6052a5cfcc25203799b9cb080568757af7c0;;0.0;0.0;0;0;;False
0x63E33d47bA498C0dfA45e77402bB58B0fEC87a1B;-32.0;0.7413;0;1;0.0;32.0;-32.0;0;16;-16;0.0;32.0;0.7413;0.0;0.0;0.0;0x7b1d803899bbcb8d59c88ad5fc36f9da313306d6f5e57c53b228bc90b9dd795e;;0.0;0.0;0;0;;False
0x37ecD22CccFbEE42B88a9E4168A5A2a2DFbbFB88;-12.0;0.1191;0;1;0.0;12.0;-12.0;0;0;0;0.0;12.0;0.1191;0.0;0.0;0.0;0x5d0140318e18015da93b27918280dc4c3b0224ea3fd0ec055685524132398d79;;0.0;0.0;0;0;;False
0x321fa3388b98215eED2cB67aB0181DB760CAd5D1;-12.33;0.6486;0;1;0.0;12.33;-12.33;0;12;-12;0.0;12.33;0.6486;0.0;0.0;0.0;0x64614697460669607eb36b4fdd97021f6e06e6afaf3d8a31508d21510a79366c;;0.0;0.0;0;0;;False
0xb2d392abb24E79bAF51EEc7E2A9955509A42663b;0.0;0.0;2;2;12.0;12.0;0.0;12;12;0;0.0;0.0;0.0;0.0;0.0;0.1746;0x833b77fe741808438e6899267a930969ddf42ebbc265dc81cddb94edbbc1340a, 0xe07a46307ffbbc6cdcacfde3a9ac46f72dc57c2ed743bfb03bbe3acdc6e45fde;0x5Ce793E56f70906F774B7D55B3df8335715EB23C;0.0;0.0;0;0;;True
0xa946c445Bf7F1675309FCd3A968Da4dA4E3A107a;-89.14;1.673;0;1;0.0;89.14;-89.14;0;19;-19;0.0;89.14;1.673;0.0;0.0;0.0;0xcb437e44d5bfd833c454e7a929e7f704d904a4c039c9a080786e30645a8f9764;;0.0;0.0;0;0;;False
0x7FF63eCa149e0e88df652cC9171dBe28Ba1ca77F;-3.7;0.1966;0;1;0.0;3.7;-3.7;0;3;-3;0.0;3.7;0.1966;0.0;0.0;0.0;0x0c7543c0b11817e27904d53766fccf78c516f979e0963368ebd53420705be58d;;0.0;0.0;0;0;;False
0xce836f1aCe8dDab50B7cdcBD1F119429B55c59a4;-0.47;0.01452;0;1;0.0;0.47;-0.47;0;0;0;0.0;0.47;0.01452;0.0;0.0;0.0;0x6affbf19a19be14fcb19c2dc500f2b5e5ea679f3538f584f8cc2cac3b30c3ef8;;0.0;0.0;0;0;;False
0x8D73a36d78E2aE4A437053C9cE3BE70D483aB74d;-29.0;0.2914;0;1;0.0;29.0;-29.0;0;29;-29;0.0;29.0;0.2914;0.0;0.0;0.0;0x8af2554e556e16566fb0c53735f288eb34cb30bb9d3623c4066612fd56e9fa15;;0.0;0.0;0;0;;False
0xb008B260a1a5cB0d11609A71cA454859E106dcF6;0.13;-0.01;2;1;1.13;1.0;0.13;1;1;0;0.1326;0.0;0.0;0.01;0.0;0.0;0xec9564da330aef187339338c3995c90700d6e80fcbcfb2312e97cd2c099ace25;;0.0;0.0;0;0;;False
0xAE93B9FDF50b7D158c38647Af5D22f3e187F6a05;0.0;0.01243;0;0;0.0;0.0;0.0;0;0;0;0.000213;1.0;0.01243;2.707e-06;0.0;0.0;0x27b6b2dfb4cf2a74ce5e0abf5b6747713ff89b4b189827856d827a31c55efd01, 0xf62c36bfcf91d6b5cb68ec5541fb6aba0d3c4ecf890825beec5fa6bf02f5a43b;;0.0;0.0;0;0;;False
0x94aA5849ED857F495A7bEa1F493E2728c2C46EA2;-120.0;3.368;0;1;0.0;120.0;-120.0;0;0;0;0.0;120.0;3.368;0.0;0.0;0.0;0x81c1375127b510573f88e4a87c28f64e9e80913f3ed8418abc073da6e1091ba1;;0.0;0.0;0;0;;False
0xa396772fB4eBcf668E04c28049B965ec4aD7107A;2.0;-0.1638;1;0;2.0;0.0;2.0;2;0;2;2.0;0.0;0.0;0.1638;0.0;0.0;0x5d34eff8074752f2239a90a52734693daade84480b2131ec6a535f931827f137;;0.0;0.0;0;0;;False
0x82FD171D9A11259758012DF50D57918210f7d4B9;-2.0;0.0979;1;1;2.0;4.0;-2.0;2;4;-2;2.0;4.0;0.2517;0.1538;0.0;0.0;0xf2314240d00f9feb117538c355acea09d52f7d5aac51e13252aa47aa34b77f79, 0x7b5efb09c3d3e38725657046499e326b4de61d79285dc04176900c707b3eeeed;;0.0;0.0;0;0;;False
0x22ee0Fab291b1caae4BdadB35516B2543898Bf09;2.0;-0.167;1;0;2.0;0.0;2.0;2;0;2;2.0;0.0;0.0;0.167;0.0;0.0;0xf7b111a2ea190258a16cc8e692201f81f40ed8b54d71a8ab2bb3ac39b9f5668e;;0.0;0.0;0;0;;False
0xf591Db9Dccd5d3Aaf8508dA2CFFEdd5ef5bb920F;-104.1;3.578;0;1;0.0;104.1;-104.1;0;104;-104;0.0;104.1;3.578;0.0;0.0;0.0;0xaef10df3b1bb42b558deb647576e2e8ae3fbe1da4bb96bd0f56cc76986bca732;;0.0;0.0;0;0;;False
0x59893BA2A97437e6A5852f1752bB9de50bcdCB2E;-2.93;0.02988;0;1;0.0;2.93;-2.93;0;2;-2;0.0;2.93;0.02988;0.0;0.0;0.0;0x17b9559ff350443dc36f83f8495e7d980e0f5649dec5ba32dac20a71adf511b1;;0.0;0.0;0;0;;False
0x0689729cBd82DA5D67277011E865025f8BCD621C;-2.59;0.03256;0;1;0.0;2.59;-2.59;0;2;-2;0.0;2.59;0.03256;0.0;0.0;0.0;0x2457ae3f7d250c2bac86dad5b34ffda74d4c94bbd40ab960e37cea0173c5c1dc;;0.0;0.0;0;0;;False
0xDef1C0ded9bec7F1a1670819833240f027b25EfF;0.0;0.0;0;0;0.0;0.0;0.0;0;0;0;0.0;0.0;0.0;0.0;0.0;0.8915;0xf901eb4e3e26bb00cc0d6e1ba19ba823a0c1f3b4f175d80121c90f18063f8f9c, 0xc9ef8b289bb5acaed0f8c72d97b63a56c7a861cdd772a7c762caa0b886d1a246, 0xbf73288425d3dedd3afabef8b2e0ab6ffb38889a565a4753640ffc44c3f37541;0x36642eBFc185aDE3bBbFFFB8325A3ECa0E700bbE;0.0;0.0;0;0;;True
0x9F628121bD14cCde0937C151A0E5cE9F4BB407aC;-5.0;0.2363;1;1;2.0;7.0;-5.0;2;7;-5;2.0;7.0;0.3975;0.1612;0.0;0.0;0xf515e4d8a42582ce1e80aedcf095a94ff22215ae6fb21de6685ca1d9854f130c, 0xa8aca993580fa5c792e499f0d3a8b547f35e7d79787fcf3d44cfd4fbce1be55d;;0.0;0.0;0;0;;False
0xD4f859545480963B1ea70fA3B3D877B2F5f668FE;0.98;-0.01808;1;0;0.98;0.0;0.98;0;0;0;0.9852;0.0;0.0;0.01808;0.0;0.0;0x9d1ced0f57dfcbeda8a20a5a05b0130343a4fffa0cff7500322bb74730c7fe1e;;0.0;0.0;0;0;;False
0xF3dE3C0d654FDa23daD170f0f320a92172509127;0.0;0.0;0;0;0.0;0.0;0.0;0;0;0;0.0;0.0;0.0;0.0;0.0;0.2874;0x543bea8746c1d294137d7e26a4e2b4e04d805b273c914b64fe238c168f4e240a;0x6F3fc59E084600569AA3496A139d88C172444A7D;0.0;0.0;0;0;;True
0xDd84D5952EEfF0f0474cECab7654B067D05D1953;-31.61;0.3672;0;1;0.0;31.61;-31.61;0;31;-31;0.0;31.61;0.3672;0.0;0.0;0.0;0x8a40012e4bd14dc1729394c5990021dd4e9be7fdfaf71ab90e9b19ac7027a781;;0.0;0.0;0;0;;False
0xaF9727dB19690208DB9DF2c9Ebfd0eF891cd30c1;0.34;-0.02606;1;0;0.34;0.0;0.34;0;0;0;0.3459;0.0;0.0;0.02606;0.0;0.0;0xc3ea2937fd9e9cf03d50915dace41e9e9012169a8a22a099bb066c604d712ccd;;0.0;0.0;0;0;;False
0x19c32B7Ab4D1615d5F03279f85b18F1b0E750ce2;-2.0;0.0227;0;1;0.0;2.0;-2.0;0;2;-2;0.0;2.0;0.0227;0.0;0.0;0.0;0x1bfbb75efd7791fe7b60041c9d92e4b08cc5c4b77d9ed57886029828b6f31bef;;0.0;0.0;0;0;;False
0x16ABd179AFe0465225FdB19a3A0Dd3647eb35EDe;-44.0;0.7995;0;1;0.0;44.0;-44.0;0;44;-44;0.0;44.0;0.7995;0.0;0.0;0.0;0x7b3fd60112df8479b17c7ccb3d38bd6e58ed3d0126b58b7aa10592974c84a97f;;0.0;0.0;0;0;;False
0x540dcaE8B81d52D9336E30bBdDdaab3bfCbfb075;-15.0;0.3873;0;1;0.0;15.0;-15.0;0;0;0;0.0;15.0;0.3873;0.0;0.0;0.0;0x18a7d792067b9fca85229ed62b9e6bc56530e82382862bb2510e93c820b821b2;;0.0;0.0;0;0;;False
0x4ec2DcdFb3c165dA62DD1367cB42fe7551524984;-20.0;1.078;0;2;0.0;20.0;-20.0;0;20;-20;0.0;20.0;1.078;0.0;0.0;0.0;0x4985d9758d0517be3a25e4402ed886b0fb9c97c1ad7bafb09e3390478e5c1d5d, 0xc59fee4b05845fabe55c042b3f18d0170c631f8e4f34737e6feab3956ca2d78c;;0.0;0.0;0;0;;False
0x058B7F9A7D0581811e363EcAe78A7534a394e262;-5.9;0.2916;0;1;0.0;5.9;-5.9;0;5;-5;0.0;5.9;0.2916;0.0;0.0;0.0;0xeddfe1091164794df933bf5d5bfe0976fbb3afb3cbf5c797432287f6725e13ec;;0.0;0.0;0;0;;False
0x3c686751C34dad4f5298Fe33cDB00396f37B0007;-30.0;0.6305;0;1;0.0;30.0;-30.0;0;0;0;0.0;30.0;0.6305;0.0;0.0;0.0;0xef3e008eb300f1aaac4aa3f8c768d0810b5a1cc8da7da057c7bd6d88c580eda3;;0.0;0.0;0;0;;False
0xdf0524b1f1a7E60928aad50b6687103065694277;0.0;-0.337;5;1;44.92;44.92;0.0;44;44;0;44.95;44.92;3.163;3.5;0.0;0.0;0x268445aaec710d7ef6908c619bbd01fe438c35d308cae14ea6eef23fd62f56b4, 0x04377b287ba086777850a88e839c4d038d516031d8b2273b572290b1415a2031, 0xa7858331ac64e24f8fbde99dc15b15f151a5638cbff07f3758a9d9231939be9b, 0x9e253be721160d529b361ce987fa00b0d49e9152c86b2d926e8015494bd5bf4f, 0xacf9ddc62505bb724619827d696a53b94c8d17fb4d424a036a87bed498142e65, 0x82067a41b6f45c029428ff2355b0df62845d43f17b7e4998d049b296cd41f780;;0.0;0.0;0;0;;False
0x36642eBFc185aDE3bBbFFFB8325A3ECa0E700bbE;-20.99;0.4471;0;1;0.0;20.99;-20.99;0;20;-20;0.0;20.99;0.4471;0.0;0.0;0.0;0xbf73288425d3dedd3afabef8b2e0ab6ffb38889a565a4753640ffc44c3f37541;;0.0;0.0;0;0;;False
0xB576010Dc09CA8704a954556f4F75E38DCCe9A86;-20.63;0.6802;0;1;0.0;20.63;-20.63;0;20;-20;0.0;20.63;0.6802;0.0;0.0;0.0;0xebff18b8c2d323fd66aa2bd6078f0786dba3a2b2ff8849f8bb52b99e85885af1;;0.0;0.0;0;0;;False
0x608F641B55444d7197D636a5Cb9053d1cE783bB0;-23.15;1.189;0;1;0.0;23.15;-23.15;0;23;-23;0.0;23.15;1.189;0.0;0.0;0.0;0xf5e1d045624a3196f9c7edac1921fdd31088a1e11d5d6268ef35b0c063bb9778;;0.0;0.0;0;0;;False
0x75B2C95dE887c2BC84A21Cf79B0379589c9dBebf;-99.72;3.702;0;1;0.0;99.72;-99.72;0;99;-99;0.0;99.72;3.702;0.0;0.0;0.0;0xc042f988bb9e04fcfc23f68dfa57643a3dea8491a64830a7e2ed47928a8f22de;;0.0;0.0;0;0;;False
0xB0F931399Ee0E75D4f0e0097C49AfcE9D2622455;-16.09;0.3491;0;1;0.0;16.09;-16.09;0;16;-16;0.0;16.09;0.3491;0.0;0.0;0.0;0xaeca1b593bdd6771d1af52b19bae5b1ab034ef7b745da06c919c3381484795bb;;0.0;0.0;0;0;;False
0xbE9064c409224D858F5fb12A5D3E8e417d9e28b7;-18.28;0.4304;0;1;0.0;18.28;-18.28;0;18;-18;0.0;18.28;0.4304;0.0;0.0;0.0;0xc0bd8ada817e81628527e34d2384cd3fac38258fedfb49892163570dc26d4974;;0.0;0.0;0;0;;False
0x94866bE528385546B658c85BdCC6f414a2Fb5Fd4;1.0;-0.08203;1;0;1.0;0.0;1.0;1;0;1;1.0;0.0;0.0;0.08203;0.0;0.0;0x91470a2abbf57a83e02fed111e6ebc0f69815cce6c44196f54eb82ba4cc203f8;;0.0;0.0;0;0;;False
0x80a64c6D7f12C47B7c66c5B4E20E72bc1FCd5d9e;0.0;0.0;0;0;0.0;0.0;0.0;0;0;0;0.0;0.0;0.0;0.0;0.0;19.85;0x352e4eac0ec0348044343e976774f2b58823a81433afd4a589b224ce77f1c03d, 0x2dbbb5adc291d506a3d9597548dd6d3faf2b6064305406730fa0693a9aadd6d8, 0x18a7d792067b9fca85229ed62b9e6bc56530e82382862bb2510e93c820b821b2, 0xa7a092948a09d70e28b9efda696a1f46dc39681967c185c2e41d1491ed16246a, 0x1bb1688fc374a5fcd4a35b1b717c549c3cfd73d359049e144f4fded9e9f4c69e, 0x96bac64ab58facad95331f84aa2975cbeb8695a7185605189ee4de41e26caaa5, 0x7909f4f2f5e65475435ad1249837c4bfcc3f9b6ec759c9b27d8b4a5a774407dd, 0x2b01cb50591a6d3fd2c7b08e1f989a1494e6497502bdd0437c049b03332026d4, 0xcd890d780cb19996ba2db341b56b2ee0f80e713d8bae6dfb721bf873321050cb, 0xc4bc8455e2e5f2e0cccc38b4ae3ecfac4c7278690542d99ed3dd14c40acc85ba, 0x80f18b58ae59011bf5c76b090bca66f6a94983aa431e429413b6a65941b64d1a, 0xd5781436a690226ecb5d00255f80d823875b4e981060642be0a1e3575dd5494d, 0x833d243eae88fddd2e0e3d41ab4b8b644b40b2521da86475299db3b480eccbe2, 0x44ba7c0c2ed48e4a2c2756d4c7d2f5e12a7ffe7952df24d321a7a1fd42006a2e, 0x1bfbb75efd7791fe7b60041c9d92e4b08cc5c4b77d9ed57886029828b6f31bef, 0x0323e876c556a5573c0667732e0ebc39b796b2b322ee937496a440faa3471b1f, 0x3904410d48f83c745d39258d956a0c28917f440e594b163ffaf09b9f07fb8823, 0x518b140f51cd94e045f9754e500890ed4c881b39507d77d101599dd5e671e1d7, 0x12130497671c6f270fec63cd861650629bbf1695776d1c6d57992ede16baa229, 0xa35c83c6228a0f28c6be3eb66e881bdcc10a7a9f4c9ba0118d656f3f9850c76b, 0x11f94b9f5dd9695b9681108b7526a6ae231e49f6cd7fc598e99b81dd461fb1f8, 0x8af2554e556e16566fb0c53735f288eb34cb30bb9d3623c4066612fd56e9fa15, 0xef47f422c43e4f8375af2a53e03816707863c805d9db6c838816c13e58ca6101, 0x74b7602e3579eeaa09cc110e8e7905357d52a6381e0b21f1f35aab636dac3a24, 0xc9a822555f39bda762dd68fe58c15f4b131ff7598f88ea6b3b9c7ec6b8de8a7f, 0x3f0ef9b8aa062d12ff4ceff5285be5efac66438118b4ba68f339ef6bb1b1445a, 0x4f484c0c7a60beb443fa2f74fee70abc7e007d5cee7e9111c180411557c9dcbc, 0xa563813bf41d67fb13b4e05dfbff84da3065bec9f1df6b5444b8fa40055ed6e4, 0x71bc896d3b5c7e909e8a816d42a561b5c37d5fd25d7ea2b6184476d708ca8258, 0x5d36f568ee43dcf4e5a98642481724d859a083022cce3b4e42914521075cb865, 0x3bdbb574e553304484317c927b21458199d8d37b5cbbddfe0e6bc08ed3962b41, 0x140798879add58374a42dd230c9b0c5d36a90b250aa2ed8dfcad73a8b100525f, 0xff7e2273dcc68eba98a18f39fbb33741e06ecdcb2963975c0973295fc89cc304, 0x6d3c1534d14b0128a7ec7ecc8a0fb756161f2646722c6b29e7230973113b91db, 0x25f2635a3b84f2550333cffa0447441a1f3fafaf8cc61e8c1c7c1d51b0bab388;0xb7f7C17dc9EC9eD2D0c272CfFf9b3De9f6ac96a8;0.0;0.0;0;0;;True
0xEE4daaC843Bc54a23C80f5176882e7EEacDe0371;-10.98;0.1807;0;1;0.0;10.98;-10.98;0;10;-10;0.0;10.98;0.1807;0.0;0.0;0.0;0xc18e9468dfd8ad0bf5c218058024b087d4e86299a544654b0ac867a80123e347;;0.0;0.0;0;0;;False
0x711281C1b26AaEd86E40e4cAaf76c1962B45E161;-15.0;1.225;0;1;0.0;15.0;-15.0;0;5;-5;0.0;15.0;1.225;0.0;0.0;0.0;0x0cbd78a1ec9d8ec7af716a46cd1937d6e97b241aabbd11ef57a7feb6ee3ed16e;;0.0;0.0;0;0;;False
0xbEaF3936b36bb2692065372816da3C58a693F9C2;-3.78;0.097;0;1;0.0;3.78;-3.78;0;3;-3;0.0;3.78;0.097;0.0;0.0;0.0;0xfb962376e0afb0d23412a6d706e1d31d27480b50114ac8f0ef75a881bb8f86ff;;0.0;0.0;0;0;;False
0x717821AAe2A45C5c5c5bcDa7A8662cD3df2385E5;-8.95;0.1748;0;1;0.0;8.95;-8.95;0;8;-8;0.0;8.95;0.1748;0.0;0.0;0.0;0xb0e37b452552b94eba9c89213a4476af69b79bde2bc6c71ffddc352980926009;;0.0;0.0;0;0;;False
0x53f31a0DCf88AA874166b7593BB739FED4B88888;-3.0;0.1069;0;1;0.0;3.0;-3.0;0;3;-3;0.0;3.0;0.1069;0.0;0.0;0.0;0x05cacc228a59ec927a0b859669178518e1800f535dbb1f07638878e414f2b12e;;0.0;0.0;0;0;;False
0x68b3465833fb72A70ecDF485E0e4C7bD8665Fc45;0.0;0.0;0;0;0.0;0.0;0.0;0;0;0;0.0;0.0;0.0;0.0;0.0;1.503;0x05cacc228a59ec927a0b859669178518e1800f535dbb1f07638878e414f2b12e, 0x3cd125cfa9c2ce137bf36058510876ffbc6a57f2c0d0d6747d82c6c95a8e1746, 0x6c446c20429ea60646f822dcad9fd882cac1d2f160acca8585a2276dc64ebb92, 0x8c926011c86c7af924909a12e339ce78a0dc1fd10d06e3d4550073a5ba743624;0x254d1EB54eaAF3829DcD2D7EF7532479af16CBb1;0.0;0.0;0;0;;True
0x14AC914553c69CaF1B21B2F2467a5C8574059079;-34.0;0.433;0;1;0.0;34.0;-34.0;0;34;-34;0.0;34.0;0.433;0.0;0.0;0.0;0xa7a092948a09d70e28b9efda696a1f46dc39681967c185c2e41d1491ed16246a;;0.0;0.0;0;0;;False
0xD5592213552D9C553E954E682432376b5163C942;-1.28;0.01234;0;1;0.0;1.28;-1.28;0;1;-1;0.0;1.28;0.01234;0.0;0.0;0.0;0xfa6c0e735d14bc70b68a1746fc41c7f953b58e72b60c4a9a42d25678f6f163e0;;0.0;0.0;0;0;;False
0x02f154E8fd459c7dD6842dd25B34480e9b2c0AAb;-2.01;0.0199;0;1;0.0;2.01;-2.01;0;2;-2;0.0;2.01;0.0199;0.0;0.0;0.0;0x9f5589721e53e48e700636e0c948f7379360ccea4c08ae0aa275c7aa7e9d8b7c;;0.0;0.0;0;0;;False
0x3850CD6f7516Fc46dd3aeCf410FA84a0358968F5;-12.95;0.1291;0;1;0.0;12.95;-12.95;0;12;-12;0.0;12.95;0.1291;0.0;0.0;0.0;0xf681ea395ba24bc68a1d48f2cd72f65dbc3234f18513e597ab97f05fd04d83fd;;0.0;0.0;0;0;;False
0x05a2AbEE70322486F10110D4e1e866F6E3CBE9D1;-1.15;0.01099;0;1;0.0;1.15;-1.15;0;1;-1;0.0;1.15;0.01099;0.0;0.0;0.0;0x5b2a04d157fadde847f0552020dbdc573ff9c5c614ec0482e73d37debc2ff74b;;0.0;0.0;0;0;;False
0x6830c5A4f1A1023D5e9BafEB221ceBc9eb6f8ED6;-2.0;0.03534;0;1;0.0;2.0;-2.0;0;2;-2;0.0;2.0;0.03534;0.0;0.0;0.0;0xd4f0c1106d4da7c15a18ed1f2897983e4fabf6409a44449807b8b31924d0cc75;;0.0;0.0;0;0;;False
0xa752EeA12f7ecAA7674363255e5e7F0B083a515C;-8.52;0.5332;0;1;0.0;8.52;-8.52;0;8;-8;0.0;8.52;0.5332;0.0;0.0;0.0;0x2e553e9141c08f02766808bbc58b76f4c53b5cddf287f20d3e4dc9e7044e0d6c;;0.0;0.0;0;0;;False
0xD1742B3C4fBB096990C8950fA635Aec75B30781A;0.0;0.0;0;0;0.0;0.0;0.0;0;0;0;0.0;0.0;0.0;0.0;0.0;0.08595;0x80946788de6ae2e60b453fcfff9f36aee6544946796a13f81d71bc801d0ed90b;0xD267fdA7ECBE322e64Bf807dE06E8E2284b72dA9;0.0;0.0;0;0;;True
0xD235b40933c6Ad4a04E2067dCAAbf193B8b741f2;-5.08;0.2072;0;1;0.0;5.08;-5.08;0;5;-5;0.0;5.08;0.2072;0.0;0.0;0.0;0x110b3f4823ad9d7959253ffd48a48596cd508897b38c9d738d2d0496ceb26ee5;;0.0;0.0;0;0;;False
0xD92Ec2123473e0E4099733b1e03405384Aa1024D;-14.85;0.1837;0;1;0.0;14.85;-14.85;0;14;-14;0.0;14.85;0.1837;0.0;0.0;0.0;0x41c8f76f91965227f25c7fb37d7a280df793e9362701de6f4961f831b7f58e33;;0.0;0.0;0;0;;False
0x5Ce793E56f70906F774B7D55B3df8335715EB23C;-9.0;0.1226;0;1;0.0;9.0;-9.0;0;9;-9;0.0;9.0;0.1226;0.0;0.0;0.0;0x833b77fe741808438e6899267a930969ddf42ebbc265dc81cddb94edbbc1340a;;0.0;0.0;0;0;;False
0xbe282964a78D5A7086220b292fe9d01030e8de8f;-5.0;0.06101;0;1;0.0;5.0;-5.0;0;5;-5;0.0;5.0;0.06101;0.0;0.0;0.0;0x833d243eae88fddd2e0e3d41ab4b8b644b40b2521da86475299db3b480eccbe2;;0.0;0.0;0;0;;False
0xDD08023fa5650fee24CaaBf8649F5Cd92CFf9ed7;-10.0;0.1208;0;1;0.0;10.0;-10.0;0;4;-4;0.0;10.0;0.1208;0.0;0.0;0.0;0xfc33c4585a9904f2121387326a625bc21029235a906db9e73853af1e1a87dd1e;;0.0;0.0;0;0;;False
0x0a3B65ffc42237179c5AFAE1392882aa67A56Cdc;-10.0;0.1231;0;1;0.0;10.0;-10.0;0;10;-10;0.0;10.0;0.1231;0.0;0.0;0.0;0xe2c230b18a0776a72156a87ea0bba1c0972c9b3315ced3c04206e6f8d00fee72;;0.0;0.0;0;0;;False
0x422412eE213110BC6a7eF3d1D14237893a862Bb2;-5.05;0.3278;0;1;0.0;5.05;-5.05;0;5;-5;0.0;5.05;0.3278;0.0;0.0;0.0;0xa9cb544be78d3a61f8dc8adea7f9951e2e7a7d776cc2b1588cdcc3331a5620d2;;0.0;0.0;0;0;;False
0x25e6376eA85AE1034C730DfAe4c9af5a8Df43Bc7;-22.1;0.2746;0;2;0.0;22.1;-22.1;0;22;-22;0.0;22.0;0.2746;0.0;0.0;0.0;0xff7e2273dcc68eba98a18f39fbb33741e06ecdcb2963975c0973295fc89cc304;;0.0;0.0;0;0;;False
0xd663981cA03131882C0F30Df37B4A37ee272cfF8;-6.71;0.1472;0;1;0.0;6.71;-6.71;0;3;-3;0.0;6.71;0.1472;0.0;0.0;0.0;0xda9c8bae3767f808ccdecde3e608fbd03c8bebda43883a1b5e9cb7c5b88b289c;;0.0;0.0;0;0;;False
0xd6A239Eb85812acF5f2D2d761fADa3473C77adBF;-39.99;1.929;1;1;0.96;40.95;-39.99;0;40;-40;0.9648;40.95;1.941;0.0118;0.0;0.0;0x6f6ee6a5dd8a76e170da56cce45ca9a43dea11006727783e8315e80629b441cb, 0x3afa7fbe4f3875ae7324881231061e999ce1ee0da2a3f1d52f474ff0dbb86007;;0.0;0.0;0;0;;False
0x2786352509a09eeb723c82903B1697b4e2B623E6;-8.41;0.334;0;1;0.0;8.41;-8.41;0;8;-8;0.0;8.41;0.334;0.0;0.0;0.0;0xefaee9eb652f4b4275ca7da7c3a4be230205e6c5711e99a9417e0c1a8fbbd0c6;;0.0;0.0;0;0;;False
0x1c8feAEd080D760093511a2AAfA55230ca036529;-10.89;0.7184;0;1;0.0;10.89;-10.89;0;10;-10;0.0;10.89;0.7184;0.0;0.0;0.0;0x9b9b50505f5157f142e4b0237b337c79ef772391f39114655ef3dd5bf5caa7b0;;0.0;0.0;0;0;;False
0xf71eE4381a1FbA435474B0CfC51C7e5D664A678d;-3.0;0.03039;0;1;0.0;3.0;-3.0;0;0;0;0.0;3.0;0.03039;0.0;0.0;0.0;0xc0db86adb0223e5986f1feb4f1297f083155d146351570775352de16daa0b686;;0.0;0.0;0;0;;False
0x3fC91A3afd70395Cd496C647d5a6CC9D4B2b7FAD;0.0;0.0;0;0;0.0;0.0;0.0;0;0;0;0.0;0.0;0.0;0.0;0.0;70.49;0xf681ea395ba24bc68a1d48f2cd72f65dbc3234f18513e597ab97f05fd04d83fd, 0x95d492e3f2cb90d067aa4f9495f85fe9189f6f1abf2cde7a137ac84ac1a7c268, 0x56e38f50e5a3d43947ad180491293346acd891deeb220a246efd97cdd5efc8f6, 0xac44362fa2d1b0b67633ec7a785bcbaf0f883dc883757689de78598a7c57c908, 0x44b0dcb1a7e9dd9acf8b742510d26a1b2be43206d17aed21401693b250289a75, 0x47d3cba92d88369c9b0b441f084392fb4e2249bf09d79da369cc02b034bfeea6, 0x675cda20d7f9f9ca9f9fc62cfd0a37bcbbae63722c8c9aa58c24f34f25a7f437, 0x56c140cd62d316246ad633e37baaecd3ce6e3f0002dde6ee1716ce2a7a2a52bb, 0x7cecb3a2bd3cd604331522131074e16b10827a1037afb7f28441d7dc2c9e3fda, 0xc59fee4b05845fabe55c042b3f18d0170c631f8e4f34737e6feab3956ca2d78c, 0xcb437e44d5bfd833c454e7a929e7f704d904a4c039c9a080786e30645a8f9764, 0xfc33c4585a9904f2121387326a625bc21029235a906db9e73853af1e1a87dd1e, 0x6c3ed38f3ae5ecdaefb919962d4231ff293deddaae7888dca093789df248a4b6, 0x72dc0098854938bf325a2e3f98cb3cf8a965ba097aa8864ddc840c96ccbe7765, 0xb65b356497248091aec857a21cbab9afd518924f16b3df425c1c4f3a24777524, 0x61225c24f8d867424a2edd7e67623daca803a30a2b2e59121a66ba4b5fa472c8, 0xdd441674ff4d964b7ac1e71a3435d78c7d248fd455c5fca1a6a6c8a7e82d0e43, 0x042dc4be9855ddc05aa4fe598da231825088fea1132d8c336249542b8e08e015, 0x6674559ab86db5036923d21e5d2beaf33d03a4df3a7669b6f2b3c375be4f97aa, 0x742018cabd79c6572b3c15058e603c20ee56baa6ef1f056c07e03c07048c777b, 0x22f6169ba9237030ad954f465473c032ef4ed429420d781ff7b8be8941c6148f, 0xd4aee591aefa7abc0211356a014c09420d3284a144d7bcf400dd6359ca9c4d85, 0x8670033273eeddb51e41c8a5d4b0a28e66c5db1bcd35f086c49cfc40d1c038b3, 0xa2952eb15983522a15896604c01e584116013b3e57136759160afd2c98833e53, 0x33ec14c8bb3b6234cddcc8978e56ef336d7db49cbc851f83c733827608ac790d, 0x7f87267adc2ad03db29a455e27b9799066681f82fb5dff417be503ec58e27360, 0x1f26a52bef1eae6d2ee58116104e7413e20599e854b09930684671bf52dd37fd, 0x59846c5abc41dc3f424b5e4a7a8f44ce3a99a3b446ec60d442c6d9c67a628846, 0x2c6ae52ec9fd788a00319783289fb980df01fa29ec2886910290923e4b263ff3, 0x2457ae3f7d250c2bac86dad5b34ffda74d4c94bbd40ab960e37cea0173c5c1dc, 0xec71a71480627291242cecc0e5097ed03cf74ff6bc4419a2e484abdcbe9f23c7, 0xeddfe1091164794df933bf5d5bfe0976fbb3afb3cbf5c797432287f6725e13ec, 0xb1dd0c35dcaed8e2433d1eca9cd44ece5088fc9f47a27e43b7f542bb5feb842c, 0x08ff852aedc7d6b86a3a49dc4714ad38660d28d78a901766f89e971857354926, 0x575adbd333176a1d63c192db9f0c1b409b2c5667680984d15a1da5f9210c5213, 0x7d25e2cd90fda9cdb1a491f14eac9e6c298a4d0a4219ff85db61577252bad251, 0x04e19b1fd2ad12f09f4a9ffb7c837965f402a604953e4df291ab7ba51a06bb40, 0x5519609c929b2aa98d2881a90a635d3d2a9ff9327df81bf91f64355e723e52c5, 0xd97623dda7a31c18f7da7ca5ce12eec4859a39a837b20b3aef03acc6ca43e674, 0x5b2a04d157fadde847f0552020dbdc573ff9c5c614ec0482e73d37debc2ff74b, 0x4985d9758d0517be3a25e4402ed886b0fb9c97c1ad7bafb09e3390478e5c1d5d, 0xa0fb51870795326badcfeaab3cf52b9b12b30360152cfba26b045ce7db4cb232, 0xaeca1b593bdd6771d1af52b19bae5b1ab034ef7b745da06c919c3381484795bb, 0xf56287e50e700e5971370aba90d7696fcd27ff008b814562fbf46569ca261823, 0x60dd2066367541a7e0061ad80943b2b4551832a5436733f528932b6c9711d81d, 0x7ec8d937ea0a2367bb79781a159aba6468392a2ed492c1ab84302c794b0a4e35, 0x257c4fa3e54454e0ee26c57939ed18771f4be424adfb70aa10d904f9bb2e6df2, 0x26c459a041496635454a93cca419ea9ce5be396181f29c6ea61519241c661832, 0xd2d19eab27ef60bc9b7814a5ec2e5b5a0739da56723ac1ff1a87ee676ab698c2, 0x0565cd3c3a04c451bbe729e06d206321ab1fb13dbb1d73a4baeebd0f9e1a9a04, 0x3f890087501c67975529144894250558629652e88606215c41efab2dfa6a3bb2, 0x2d1dfc4ea42b3b3516c4e7a75f80534a783be08c59ddb650a890e94776e41917, 0x3997ccf6ff11ba460809786410688ebbca5553e4f736ff7db0cd847aed531a08, 0xf7bc35d3971c69e5b7ffefadb5dc2c3c027469f10bfff0d277ee6d63d40b0e71, 0x53ae34566714dab9fee0264f9b2a5ef69beba1f2b9d61ab5b6fd6aa81d3ca0cb, 0x8eefcef87ce04f39e03f2d4232724d68e9b2db6919daa809196064ed8de1c479, 0x9293c4cc6d85f2f52aebdf5c57786711d1db9dfb77e524871ab0afb811849ca1, 0x5eff7167e3657e76237aeae72b70b52d1a226641c2c63fbc985d5029ce3681a7, 0xb0e37b452552b94eba9c89213a4476af69b79bde2bc6c71ffddc352980926009, 0xd80cc238ae86d9a4d26b452d2573910f6a02a32288c59f8326320fdfe92a76d7, 0x5c67027c7b9b826a0d03de026896afe02f5f615bc77a5063633aac719c218957, 0xa0839544d3f1c6018750006e55173a3ee7064ac3e6e35e5caa9d84e0e974c665, 0x24f0cc3808bf1e0e6425a3b2b67d0d8e6b84878c6e540db44bede9e2d14857ed, 0x436a890e47e1264333a70ab86ab162a09de0c2922ea8795f66baf3e5a5f6b17d, 0x0edb11517ce8ae3ffbc1ebf43e0bf6161ca90a0e28b60d44d156ced66ce966f5, 0xaef10df3b1bb42b558deb647576e2e8ae3fbe1da4bb96bd0f56cc76986bca732, 0xa6fec628fdd305cc65c4a8ef15d7c12dd3e2d9aa83424e05d3d6e221c30270cc, 0x688eb986d515e40a2d8e801ac3de39111d54d23c528f42524bbc5bc70e91a43c, 0x7be548e684ee6ee6bb892cda69321de704569a31f32938f531c9697f8a1be099, 0x53f2591e4cd92694e5c0ae953fe7cf7a4877175b1c19dd19715e09ce7e070cde, 0xcca4f419f7af0bf2bf8c3b797e8a6743cf97824ac3865a5d7bc8057de0fb29f0, 0xfa15676f762011df4ab23e78bb1212f962bab13022acf7705148109db7da21cd, 0x947af763f4782f4ce7eebf0adfb84cc041984441a6d59318ea1ec6d6b4111402, 0xefaee9eb652f4b4275ca7da7c3a4be230205e6c5711e99a9417e0c1a8fbbd0c6, 0xa71eec704859bb0fe5814c299897da5b5c9f8ce4d0fc7840a06f352b703fe59d, 0x82067a41b6f45c029428ff2355b0df62845d43f17b7e4998d049b296cd41f780, 0x8a40012e4bd14dc1729394c5990021dd4e9be7fdfaf71ab90e9b19ac7027a781, 0xe8c7c6f68bc2b5b70d24c772aa0c457e2147a4b3dee35e7bf5af39cd9977d72c, 0x80f00be1692ebca0d0bdd681c471d4f77ed3ba766f04c31959c6b1325af0be19, 0x471e681bdaf8782b57c7292850c46b8f7dd07f1c2bf63944afab6ef31c6e8754, 0xa45c6b24be008052a12147e9507f2f1b5f560ed42f1dfc849672ef6534ceb6e4, 0x91bd8f94c2b02c9c9438901472eed3ab701bddd9a786ea48d90eba5d1931caa4, 0xf79cdc3054a79845db661967ba9bf733e326434241cc2032f3e84c7628296e76, 0xc0db86adb0223e5986f1feb4f1297f083155d146351570775352de16daa0b686, 0xda9c8bae3767f808ccdecde3e608fbd03c8bebda43883a1b5e9cb7c5b88b289c, 0x3a8fec32c1894677d890b2fb0725e34685da8dae319d0bd624d8aa92f4320f25, 0x6affbf19a19be14fcb19c2dc500f2b5e5ea679f3538f584f8cc2cac3b30c3ef8, 0x1ae0cea978280265078c147a6347ff4bd338a7fc176f7822f93d229b2d81d9cc, 0xc9cb3284b888f7cb9101a2b4ba179c028dd112926aadf1494f89a1d9b0fd73e6, 0xa5e469eff207420078d82c091c3d32e88e815bbba1861dd8cd14756ef538c7c2, 0xb38110b7e2fbbdd6d07f7be967b43aab0784bbb37bd4ed2f34aeb152efb071e4, 0xd4f0c1106d4da7c15a18ed1f2897983e4fabf6409a44449807b8b31924d0cc75, 0x3df99292657fdf8615ebf68440c12c6bb8f2d7602ac99293347aa39fe2267eb9, 0xaabe3fdbeb829f36d7d5ed7979e56373d6a3c84b0c22d601f9098114f358859a, 0x982cf0dd7f833e6f25621b111196717fd8685a5cfc36b3a12b2ccbc4fd01ed5b, 0x7c0decc0184110666ee651c13afd84eccefb7402ab08d1ad2cab44e2071d5559, 0x8c8d77f4f4cf0e31d44b80ccf37fd56f1001842e5b4c72d3a84a73e11e2a5567, 0x86b775bd7ec454e11f609130cc0c6d27b9d6bc6579ba2ec8fd08c76ec375779f, 0xe4c05909d383f3961c898a4842af3e80d2c5ffa867741d388eb41d2e398b45d4, 0x17b9559ff350443dc36f83f8495e7d980e0f5649dec5ba32dac20a71adf511b1, 0x9f5589721e53e48e700636e0c948f7379360ccea4c08ae0aa275c7aa7e9d8b7c, 0x69dc6f9dcb5cf26c188e4ed15a5011d291f258adbe2bbdf262723a95c778b6b2, 0x2deb31824623ad2d8649ce18d134ea65248861d321d97e774b7f41403e04e224, 0xf5e1d045624a3196f9c7edac1921fdd31088a1e11d5d6268ef35b0c063bb9778, 0x9e199e090186b4323168f1843d37b85858a2e37edc9b6d86ed4549ed2c1b2af9, 0x40eb9391efbc30ebbd81a12f48d7588181b2bc98eba4ca80c854954a44dbd1f6, 0x9b9b50505f5157f142e4b0237b337c79ef772391f39114655ef3dd5bf5caa7b0, 0x84ab404811275687f42d6336ab0a656613f4edc082045ad8a9e1ffe5f3120974, 0xf109769a377992a0cf00786aa22703f6f90f43f3ebf443f562d8dbfd214bb443, 0xc042f988bb9e04fcfc23f68dfa57643a3dea8491a64830a7e2ed47928a8f22de, 0x1c2a5ca14110e2cc740a6be485ab5bf20c90b8dac9c0a6faf573579946ff4bbf, 0x110b3f4823ad9d7959253ffd48a48596cd508897b38c9d738d2d0496ceb26ee5, 0x170de102fb59b2345713655543c092ae3acf50192305b029d9c1ad705167b979, 0x3f2f9bd621ca16f7de1a3b4ed6363a950de14016445b0c554b889775aef531c6, 0x64614697460669607eb36b4fdd97021f6e06e6afaf3d8a31508d21510a79366c, 0x0428e866cb42f449d10640be226d8dbcfd197d780347b3d46cb3eff114f54638, 0xa8aca993580fa5c792e499f0d3a8b547f35e7d79787fcf3d44cfd4fbce1be55d, 0xc0a84694086b528a0f3758be0c0df50b193e191e6ed79b889d9001547c55f550, 0xec293621af39e507ff084c0a2747bf5ee90fd4d5149b0bf0cd6d6f88b7d49768, 0xe2c230b18a0776a72156a87ea0bba1c0972c9b3315ced3c04206e6f8d00fee72, 0xfa6c0e735d14bc70b68a1746fc41c7f953b58e72b60c4a9a42d25678f6f163e0, 0xff5f68fc08e94b37178eb37a7c2c71b1d30b8be14165b5eea6c88c256adccd77, 0x228dac09aa3a10c6b9c9d74aa3fd20ee8e416dd7d1094a5e3477d5c859620173, 0x5d0140318e18015da93b27918280dc4c3b0224ea3fd0ec055685524132398d79, 0xef3e008eb300f1aaac4aa3f8c768d0810b5a1cc8da7da057c7bd6d88c580eda3, 0x990d2d9816c9ef052df5d3819d37cf6c70177341f674cc1f44d132d8ba88c1eb, 0x6f6ee6a5dd8a76e170da56cce45ca9a43dea11006727783e8315e80629b441cb, 0x0cbd78a1ec9d8ec7af716a46cd1937d6e97b241aabbd11ef57a7feb6ee3ed16e, 0x9bcfed3dc3c554b23ea11c0b87aabfca0389433c283a3b3c2ba12589a0b681d6, 0x5faedafac40ce359545bab51f62b6052a5cfcc25203799b9cb080568757af7c0, 0x2c30ea6a2a17877e902c6cf6ab25c0290646e06cc1538dc696cfbdc8c6e53fab, 0x5280fb2785a85e8557199eda012999f2a3a396514b08466502fa20737126b659, 0x2e553e9141c08f02766808bbc58b76f4c53b5cddf287f20d3e4dc9e7044e0d6c, 0x05cbe862645850fdc04b140902de2e432e926cdb90bc03262d7b6aaa4aa13b24, 0x7b42387e22e31d474faa5cd39b8a7167d8156a668ff9d3f7379455c683ec5e33, 0xc7e581b4f15d55486ef828fa4a579c03ce75097f0954ee1d85cd1bf4862bc08b, 0xfcc9cb92851b2c55ec3d67e2580b26b4766ee81505169cfbe6be4e123e058227, 0xa9cb544be78d3a61f8dc8adea7f9951e2e7a7d776cc2b1588cdcc3331a5620d2, 0x74f553d51225d94b4f266decb7b9d26d5de913bbc65d1d1e3e805bf49d86b16e, 0xfc98732e73ab2736f1d8b81777da8c6c8400d4ec8bbc345d37ae9d209db282df, 0x3a6ae02d5f329ec67a574a4b5a0a9d745fcb41353fb67ab760b88cae7aba417e, 0x2edaf8d8a0a2a9da582e5c132443a73dadbea9a3a7dd902dfdb418856b18aa71, 0x2cd7667ffd9f3d299c58797fc7cd6219a43052583086b281fa3deae7b3a5e00c, 0x0d525fac0b886271ca05c75f93a17ea49838ad2764669ce83950deeb69db7881, 0xaf744182339e69fee3b7fc92b174d29d3b4300fda2738cbebed0e27dfee05037, 0xd306e05f77dcda3882dfa950a11faeec5552806b4fd938dcb7556626c7948a81, 0xcac5d42b09b0589eb498e8f64d16b30045cd0973e932208769d207f6d5239c5c;0x37ecD22CccFbEE42B88a9E4168A5A2a2DFbbFB88;0.0;0.0;0;0;;True
0x3771B2553aDb08e104823F0d08CB6F0fAfa3F6AD;-10.0;0.1325;0;1;0.0;10.0;-10.0;0;0;0;0.0;10.0;0.1325;0.0;0.0;0.0;0x47d3cba92d88369c9b0b441f084392fb4e2249bf09d79da369cc02b034bfeea6;;0.0;0.0;0;0;;False
0x266559FF8500fDAe9675647c81531B1c0F2EFa1C;-3.0;0.03437;0;1;0.0;3.0;-3.0;0;3;-3;0.0;3.0;0.03437;0.0;0.0;0.0;0x5280fb2785a85e8557199eda012999f2a3a396514b08466502fa20737126b659;;0.0;0.0;0;0;;False
0xed5511F763f66Db7861f98b9f7dF873dB6B89FE9;-39.02;1.234;1;1;0.98;40.0;-39.02;0;8;-8;0.9845;40.0;1.252;0.0181;0.0;0.0;0x96bac64ab58facad95331f84aa2975cbeb8695a7185605189ee4de41e26caaa5, 0x905719eda9e314189794f75b4b176d89587b332e1ab6ecab818fad78d7fcab60;;0.0;0.0;0;0;;False
0xC4c9d0736A6bce30ca919264b73ad1BE533fFd29;-4.0;0.08803;0;1;0.0;4.0;-4.0;0;4;-4;0.0;4.0;0.08803;0.0;0.0;0.0;0xa0839544d3f1c6018750006e55173a3ee7064ac3e6e35e5caa9d84e0e974c665;;0.0;0.0;0;0;;False
0x74bd8dd1Be27B5929c5d8d32D0f90bb2CA09945A;-6.45;0.0909;1;2;5.24;11.69;-6.45;5;11;-6;5.244;11.69;0.5309;0.44;0.0;0.0;0x436a890e47e1264333a70ab86ab162a09de0c2922ea8795f66baf3e5a5f6b17d, 0xec71a71480627291242cecc0e5097ed03cf74ff6bc4419a2e484abdcbe9f23c7, 0x552280ab818afaf20aac44f9ead7a5ce629f6ecd4d18e75e046a3848db4806b2;;0.0;0.0;0;0;;False
0x1dDe7b19fa3150a06e3307341E9b8cC5E95122D4;-13.61;0.1384;0;1;0.0;13.61;-13.61;0;13;-13;0.0;13.61;0.1384;0.0;0.0;0.0;0x3f2f9bd621ca16f7de1a3b4ed6363a950de14016445b0c554b889775aef531c6;;0.0;0.0;0;0;;False
0xaab2f49E5B0779D50FeF7d801bb4bC682dbbDB9e;0.0;0.06552;0;0;0.0;0.0;0.0;0;0;0;0.6226;5.67;0.07718;0.01166;0.0;0.0;0x920eaffbf916c382cfa6909bbd3e06eb669a996eb3c2360174b1187f6bf44931, 0x242bb1640b53498900d1558c6714ed121e19d884ec5aefebb65aeb5d198b04b1, 0xec6af38ac84215d30f21451f3a9090326c280850bce00976c101e1e44955b6c6, 0xc27709ed40d447742ea6c932a870749072a5d9ab4073fac628761fc9f8f618f5, 0xa873caac7e377dc4ee8bf5fa4ee18400734320ac38d1117169f9983ef0095ca7, 0x9f845c1df5abf488bb43979ac9ee15c2b4dc62011b3ae332a9c8bfe2df404bcf, 0x7ce8efd583388296b80c6ecd8a1e48cbd2fa56a22412390a692e98aa7c26c8c5;;0.0;0.0;0;0;;False
0x72bc5f4CbFBdC6186f5a1aF8850d98A12376a6b2;-5.81;0.1247;0;1;0.0;5.81;-5.81;0;5;-5;0.0;5.81;0.1247;0.0;0.0;0.0;0x3a8fec32c1894677d890b2fb0725e34685da8dae319d0bd624d8aa92f4320f25;;0.0;0.0;0;0;;False
0xef9bbC9302848f6FF522552aA79e190e37b4bc3f;-6.96;0.1687;0;1;0.0;6.96;-6.96;0;6;-6;0.0;6.96;0.1687;0.0;0.0;0.0;0xcac5d42b09b0589eb498e8f64d16b30045cd0973e932208769d207f6d5239c5c;;0.0;0.0;0;0;;False
0x249Aa765Beae36e20E4Ea2911ff0367B8712D9dE;-20.13;0.3577;0;1;0.0;20.13;-20.13;0;20;-20;0.0;20.13;0.3577;0.0;0.0;0.0;0xd306e05f77dcda3882dfa950a11faeec5552806b4fd938dcb7556626c7948a81;;0.0;0.0;0;0;;False
0x51F7d18b5Cd7695e0d3B46b0A0f2647d06d4a248;-9.19;0.2217;0;1;0.0;9.19;-9.19;0;9;-9;0.0;9.19;0.2217;0.0;0.0;0.0;0xa2952eb15983522a15896604c01e584116013b3e57136759160afd2c98833e53;;0.0;0.0;0;0;;False
0x0476cA3E0d7f14D12E77c1d3b2d10027ABe6693d;-5.0;0.06874;0;1;0.0;5.0;-5.0;0;5;-5;0.0;5.0;0.06874;0.0;0.0;0.0;0xa0fb51870795326badcfeaab3cf52b9b12b30360152cfba26b045ce7db4cb232;;0.0;0.0;0;0;;False
0x3448eC6462804Aec79561A8b379399141E22A734;-1.0;0.01199;0;1;0.0;1.0;-1.0;0;0;0;0.0;1.0;0.01199;0.0;0.0;0.0;0x5519609c929b2aa98d2881a90a635d3d2a9ff9327df81bf91f64355e723e52c5;;0.0;0.0;0;0;;False
0xf40a2d257ca5D5072763dB29FC089292c9176577;-2.18;0.1376;0;1;0.0;2.18;-2.18;0;2;-2;0.0;2.18;0.1376;0.0;0.0;0.0;0x7b42387e22e31d474faa5cd39b8a7167d8156a668ff9d3f7379455c683ec5e33;;0.0;0.0;0;0;;False
0xEE82179FCf9Cb8c76cD297e6780CFe06287a777f;0.95;0.062;3;1;39.9;38.95;0.95;38;38;0;39.91;38.95;3.074;3.012;0.0;0.0;0xff5f68fc08e94b37178eb37a7c2c71b1d30b8be14165b5eea6c88c256adccd77, 0x3777ccf8906e5163e09a195c513cb629a07f8eea70592c04c286ee9c804af325, 0x41b15acf9345263ffdaa6b5e0325f575e6639c7c72126f1a9b46dc85e53c18f7, 0x9edf8e45056e683672a586ba7a6c33038f18408b900787a7999b28892826c96c;;0.0;0.0;0;0;;False
0x731a35932D035C544961801Cfe59505A830D09DC;-15.46;0.2707;1;2;6.23;21.69;-15.46;6;21;-15;6.231;21.69;0.7707;0.5;0.0;0.0;0x44b0dcb1a7e9dd9acf8b742510d26a1b2be43206d17aed21401693b250289a75, 0x3180a7742fee52ae00984141f80c9d2eda838d5572062b7fa432ce7956c45098, 0xd2d19eab27ef60bc9b7814a5ec2e5b5a0739da56723ac1ff1a87ee676ab698c2;;0.0;0.0;0;0;;False
0xd3Ea48B33138d63A29415A61E13A6E183c25dCb1;-7.21;0.06943;0;1;0.0;7.21;-7.21;0;7;-7;0.0;7.21;0.06943;0.0;0.0;0.0;0x04e19b1fd2ad12f09f4a9ffb7c837965f402a604953e4df291ab7ba51a06bb40;;0.0;0.0;0;0;;False
0xC5A36E8814aA68eCA9ECb6996a158E8e8e8425f6;-9.0;0.2138;0;1;0.0;9.0;-9.0;0;9;-9;0.0;9.0;0.2138;0.0;0.0;0.0;0x5d36f568ee43dcf4e5a98642481724d859a083022cce3b4e42914521075cb865;;0.0;0.0;0;0;;False
0xbd6B8D8fA94f7307840252548549b56a33c98054;0.01;-0.0006634;1;0;0.01;0.0;0.01;0;0;0;0.01;0.0;0.0;0.0006634;0.0;0.0;0xdc361c0171fe196adcafbcc73400105ab50b723a2f227f6fe4e92c7530ffe98e;;0.0;0.0;0;0;;False
0x9EFB0d96eecB8721Db8eD92C371FEEbFb6ae8BD6;-1.22;0.01438;0;1;0.0;1.22;-1.22;0;1;-1;0.0;1.22;0.01438;0.0;0.0;0.0;0x08ff852aedc7d6b86a3a49dc4714ad38660d28d78a901766f89e971857354926;;0.0;0.0;0;0;;False
0x3eeC91172F90ee1623fDB86c9008AA85bF6c8750;-3.0;0.159;0;1;0.0;3.0;-3.0;0;3;-3;0.0;3.0;0.159;0.0;0.0;0.0;0xf109769a377992a0cf00786aa22703f6f90f43f3ebf443f562d8dbfd214bb443;;0.0;0.0;0;0;;False
0x0552020D2De01E9383964d2d82995F21B793DD15;-0.9;0.04702;0;1;0.0;0.9;-0.9;0;0;0;0.0;0.9;0.04702;0.0;0.0;0.0;0xec293621af39e507ff084c0a2747bf5ee90fd4d5149b0bf0cd6d6f88b7d49768;;0.0;0.0;0;0;;False
0x22F9dCF4647084d6C31b2765F6910cd85C178C18;0.0;0.0;1;1;18.0;18.0;0.0;18;18;0;0.0;0.0;0.0;0.0;0.0;0.4309;0xcc89d908012996450803e5a7dc9548b6c37b32ac653db40abc7edcde0d0f32c0;0x6Aa6ac660C404CEec1E4DC6fA1AB679B4f3458fb;0.0;0.0;0;0;;True
0x6Aa6ac660C404CEec1E4DC6fA1AB679B4f3458fb;-18.0;0.4309;0;1;0.0;18.0;-18.0;0;18;-18;0.0;18.0;0.4309;0.0;0.0;0.0;0xcc89d908012996450803e5a7dc9548b6c37b32ac653db40abc7edcde0d0f32c0;;0.0;0.0;0;0;;False
0x49033F9dDb1c4F005AbA1be48E58EDa6FD01CaA9;-10.68;0.1227;0;1;0.0;10.68;-10.68;0;10;-10;0.0;10.68;0.1227;0.0;0.0;0.0;0x84ab404811275687f42d6336ab0a656613f4edc082045ad8a9e1ffe5f3120974;;0.0;0.0;0;0;;False
0xAE1d9e7ce74bA854945E8a6C5F0476EF413a28Be;-121.4;6.884;0;6;0.0;121.4;-121.4;0;121;-121;0.0;121.4;6.884;0.0;0.0;0.0;0xc4bc8455e2e5f2e0cccc38b4ae3ecfac4c7278690542d99ed3dd14c40acc85ba, 0x12130497671c6f270fec63cd861650629bbf1695776d1c6d57992ede16baa229, 0xef47f422c43e4f8375af2a53e03816707863c805d9db6c838816c13e58ca6101, 0x74b7602e3579eeaa09cc110e8e7905357d52a6381e0b21f1f35aab636dac3a24, 0x2b01cb50591a6d3fd2c7b08e1f989a1494e6497502bdd0437c049b03332026d4, 0x4f484c0c7a60beb443fa2f74fee70abc7e007d5cee7e9111c180411557c9dcbc;;0.0;0.0;0;0;;False
0x9C156e778Bcb111B7E803f8773b6B3A627A1aC84;-43.0;2.91;0;5;0.0;43.0;-43.0;0;5;-5;0.0;43.0;2.91;0.0;0.0;0.0;0x352e4eac0ec0348044343e976774f2b58823a81433afd4a589b224ce77f1c03d, 0x518b140f51cd94e045f9754e500890ed4c881b39507d77d101599dd5e671e1d7, 0xa35c83c6228a0f28c6be3eb66e881bdcc10a7a9f4c9ba0118d656f3f9850c76b, 0x3bdbb574e553304484317c927b21458199d8d37b5cbbddfe0e6bc08ed3962b41, 0xd5781436a690226ecb5d00255f80d823875b4e981060642be0a1e3575dd5494d;;0.0;0.0;0;0;;False
0x5DeB43D9e928346c0ad2d7bFd5F95A55BD2324A7;0.0;-6.434e-05;0;0;0.0;0.0;0.0;0;0;0;0.005039;0.0;0.0;6.434e-05;0.0;0.0;0x93c05acce2e80a55430e1bfbdf0231da154571e820a86c2f8ea42cb8f7c58233, 0x843cd449f0f518a4407919201f984387f2f442e75f6f52fca7c4a70173b7a8f1, 0x26bf23e7773b8cc973a3aeed6a25584ab65325eef2d877d89fb87cb4d2fbaf00, 0x30228115806f36b8fa87dcae26578fe8ce4e94ece1db38806820b53b80fed724, 0xe8f286679bb0a7b29b41a385a7d8cbb58f8827bf2156e65ba4016fc46cf72ddb, 0xbbfade9ee7fa8a500d2da4624a2401b984e29c919d696e461cd35afc142b0c86;;0.0;0.0;0;0;;False
0xD747D424325096ca359795d8371aAe0EA75D2FFD;-0.14;0.001903;0;1;0.0;0.14;-0.14;0;0;0;0.0;0.14;0.001903;0.0;0.0;0.0;0x72dc0098854938bf325a2e3f98cb3cf8a965ba097aa8864ddc840c96ccbe7765;;0.0;0.0;0;0;;False
0x32e2aa495D3D0cDF8B2Db5A8D323948E3334ea24;-3.83;0.1783;0;1;0.0;3.83;-3.83;0;3;-3;0.0;3.83;0.1783;0.0;0.0;0.0;0xf56287e50e700e5971370aba90d7696fcd27ff008b814562fbf46569ca261823;;0.0;0.0;0;0;;False
0x2AbAeb6c74493749F050c1d740cc390585fb7FF8;-45.0;0.7649;0;1;0.0;45.0;-45.0;0;29;-29;0.0;45.0;0.7649;0.0;0.0;0.0;0x982cf0dd7f833e6f25621b111196717fd8685a5cfc36b3a12b2ccbc4fd01ed5b;;0.0;0.0;0;0;;False
0x4C6d22c74d6BdB72f3dD4Ac55F440f049F799f2A;-15.0;0.2591;0;1;0.0;15.0;-15.0;0;15;-15;0.0;15.0;0.2591;0.0;0.0;0.0;0x98da9b5733908154f43cdd9ad019f60d5eeba192354383ef9516ec366f29a1e4;;0.0;0.0;0;0;;False
0xe909cf4160092de1B6772c4921BBEcf0a8485B51;-1.14;0.03373;0;1;0.0;1.14;-1.14;0;1;-1;0.0;1.14;0.03373;0.0;0.0;0.0;0xb38110b7e2fbbdd6d07f7be967b43aab0784bbb37bd4ed2f34aeb152efb071e4;;0.0;0.0;0;0;;False
0x5d7D892511191f2D7Da0aA32aAcCbAC8B9d2c181;0.98;-0.0181;1;0;0.98;0.0;0.98;0;0;0;0.9852;0.0;0.0;0.0181;0.0;0.0;0x05e8a7c993fff773832b7b1c6613ee18e1077ffd69578481051ef49105311939;;0.0;0.0;0;0;;False
0x0096913d68A000311266250f0000000000E04c00;0.0;0.0;6;6;5.67;5.67;0.0;0;0;0;0.0;0.0;0.0;0.0;0.0;0.07718;0x920eaffbf916c382cfa6909bbd3e06eb669a996eb3c2360174b1187f6bf44931, 0x242bb1640b53498900d1558c6714ed121e19d884ec5aefebb65aeb5d198b04b1, 0xec6af38ac84215d30f21451f3a9090326c280850bce00976c101e1e44955b6c6, 0xa873caac7e377dc4ee8bf5fa4ee18400734320ac38d1117169f9983ef0095ca7, 0x9f845c1df5abf488bb43979ac9ee15c2b4dc62011b3ae332a9c8bfe2df404bcf, 0x7ce8efd583388296b80c6ecd8a1e48cbd2fa56a22412390a692e98aa7c26c8c5;0xaab2f49E5B0779D50FeF7d801bb4bC682dbbDB9e;0.0;0.0;0;0;;True
0x1C134FDE47D09F78DFE8f61a22C03CB2Da68e904;0.78;-0.01;1;0;0.78;0.0;0.78;0;0;0;0.7886;0.0;0.0;0.01;0.0;0.0;0xd8578a39505fec114bec105e6ad85bb346d2c5ab54306dbd5b55f230260d5690;;0.0;0.0;0;0;;False
0x3328F7f4A1D1C57c35df56bBf0c9dCAFCA309C49;0.0;0.0;0;0;0.0;0.0;0.0;0;0;0;0.0;0.0;0.0;0.0;0.0;6.397;0x81c1375127b510573f88e4a87c28f64e9e80913f3ed8418abc073da6e1091ba1, 0x5b52574e2990e985878385b6851416a7c540b6d693d0bc4dc67a2750e4b92b14, 0x0ff8630b03c9338fda047262d412e695d40679e95941278b18a046558d9d6deb, 0xd3232a10d418325593acd97e690c4207575c1bc32d1014871f61208d35b2688c, 0xd8dec15f8cd542e5bb36506daba7781cf99c13463ca7ee9b13aad3382bc7a1d3, 0xd61bdfe701e5e41d713bff41f35dfc3b3a94b21a12ccea88a163f3fc391de358, 0x7b3fd60112df8479b17c7ccb3d38bd6e58ed3d0126b58b7aa10592974c84a97f;0x902ABfDE086583067D2854E36fE1034eC9079BB8;0.0;0.0;0;0;;True
0x63BdBDA6A2498c99165FaDb3133e5918B2FaD1d5;-1.67;0.04174;0;1;0.0;1.67;-1.67;0;1;-1;0.0;1.67;0.04174;0.0;0.0;0.0;0x7ebb0cf13d620c6ee0fddc47beded062984f95f7d32d6f552fafbbfe7d43d2c5;;0.0;0.0;0;0;;False
0x03dA6B5a21E3F3BF9c508aE7e97510887e1aeaBb;0.98;-0.01154;1;0;0.98;0.0;0.98;0;0;0;0.9864;0.0;0.0;0.01154;0.0;0.0;0x5a11ca7b66b3ad9930f374dbb17cddfb01d88834e2926f22cb8626252da786e9;;0.0;0.0;0;0;;False
0xb83444086136d1F6caEe5084783ad98b7BD7d08F;0.0;-0.0206;1;1;4.0;4.0;0.0;4;4;0;4.0;4.0;0.2921;0.3127;0.0;0.0;0x95d492e3f2cb90d067aa4f9495f85fe9189f6f1abf2cde7a137ac84ac1a7c268, 0x82df297b890c98c294c1111b3025e5124104cffc641e59ebe3acbc73683d8ffa;;0.0;0.0;0;0;;False
0x254d1EB54eaAF3829DcD2D7EF7532479af16CBb1;-7.79;0.4191;0;1;0.0;7.79;-7.79;0;7;-7;0.0;7.79;0.4191;0.0;0.0;0.0;0x3cd125cfa9c2ce137bf36058510876ffbc6a57f2c0d0d6747d82c6c95a8e1746;;0.0;0.0;0;0;;False
0x31a5B2211D070c8BA33f9cE4d1D9A55ED3bc185c;0.57;-0.01;1;0;0.57;0.0;0.57;0;0;0;0.5707;0.0;0.0;0.01;0.0;0.0;0x687a9e48f9ea70731b9a07d20aef0c6168955b32096665e941bce39605e34829;;0.0;0.0;0;0;;False
0x4d5b6f9581d16841FfE2b3f108621FC25bB1035b;-60.0;2.969;0;2;0.0;60.0;-60.0;0;60;-60;0.0;60.0;2.969;0.0;0.0;0.0;0x7909f4f2f5e65475435ad1249837c4bfcc3f9b6ec759c9b27d8b4a5a774407dd, 0x25f2635a3b84f2550333cffa0447441a1f3fafaf8cc61e8c1c7c1d51b0bab388;;0.0;0.0;0;0;;False
0xBdf59d84e393cC0728409144512D2cd62C3278f3;0.0;-0.00054;1;1;0.99;0.99;0.0;0;0;0;1.0;0.99;0.01768;0.01822;0.0;0.0;0x7f83c9e1ec3c211c452533cc8ebc27573fc32060d61bfbdb93de2c9c3d685ca4, 0xd61bdfe701e5e41d713bff41f35dfc3b3a94b21a12ccea88a163f3fc391de358;;0.0;0.0;0;0;;False
0xc4A195c14398C01197585d0B5946C56379760265;-9.72;0.1256;0;1;0.0;9.72;-9.72;0;9;-9;0.0;9.72;0.1256;0.0;0.0;0.0;0xe8c7c6f68bc2b5b70d24c772aa0c457e2147a4b3dee35e7bf5af39cd9977d72c;;0.0;0.0;0;0;;False
0x5082C9F476847655664d511515730F9a4a21c580;-14.0;0.351;0;5;0.0;14.0;-14.0;0;0;0;0.0;14.0;0.351;0.0;0.0;0.0;0x71bc896d3b5c7e909e8a816d42a561b5c37d5fd25d7ea2b6184476d708ca8258, 0x2dbbb5adc291d506a3d9597548dd6d3faf2b6064305406730fa0693a9aadd6d8, 0x44ba7c0c2ed48e4a2c2756d4c7d2f5e12a7ffe7952df24d321a7a1fd42006a2e, 0x140798879add58374a42dd230c9b0c5d36a90b250aa2ed8dfcad73a8b100525f, 0x0323e876c556a5573c0667732e0ebc39b796b2b322ee937496a440faa3471b1f;;0.0;0.0;0;0;;False
0xE40e0A8d7c56cb4504Aeea31a8F8828Bbf205c80;-1.0;0.01199;0;1;0.0;1.0;-1.0;0;1;-1;0.0;1.0;0.01199;0.0;0.0;0.0;0xfcc9cb92851b2c55ec3d67e2580b26b4766ee81505169cfbe6be4e123e058227;;0.0;0.0;0;0;;False
0x40823Ab89697C850c76068D6f667b7069D148bad;-1.0;0.04092;0;1;0.0;1.0;-1.0;0;1;-1;0.0;1.0;0.04092;0.0;0.0;0.0;0x2d1dfc4ea42b3b3516c4e7a75f80534a783be08c59ddb650a890e94776e41917;;0.0;0.0;0;0;;False
0x16C50548a5C4887bfB88a40048b7823FE6FD511D;-2.0;0.09854;0;2;0.0;2.0;-2.0;0;2;-2;0.0;2.0;0.09854;0.0;0.0;0.0;0x3df99292657fdf8615ebf68440c12c6bb8f2d7602ac99293347aa39fe2267eb9, 0x59846c5abc41dc3f424b5e4a7a8f44ce3a99a3b446ec60d442c6d9c67a628846;;0.0;0.0;0;0;;False
0x769597E163F4D239BD571Dd34F3727C40cf025cb;-1.41;0.02047;0;1;0.0;1.41;-1.41;0;1;-1;0.0;1.41;0.02047;0.0;0.0;0.0;0x5eff7167e3657e76237aeae72b70b52d1a226641c2c63fbc985d5029ce3681a7;;0.0;0.0;0;0;;False
0xc5AA32182a7BfcCBCAD5907A334DE1957CE4Ccd6;-2.74;0.03273;0;1;0.0;2.74;-2.74;0;2;-2;0.0;2.74;0.03273;0.0;0.0;0.0;0x53ae34566714dab9fee0264f9b2a5ef69beba1f2b9d61ab5b6fd6aa81d3ca0cb;;0.0;0.0;0;0;;False
0x9052327281Ad816E5Ad04041bE8c1bcB28aD5a0c;-1.04;0.02672;0;1;0.0;1.04;-1.04;0;1;-1;0.0;1.04;0.02672;0.0;0.0;0.0;0x33ec14c8bb3b6234cddcc8978e56ef336d7db49cbc851f83c733827608ac790d;;0.0;0.0;0;0;;False
0x8cec52c433D065dE3d1C40a63D8E54BEe1469435;-26.0;1.745;0;1;0.0;26.0;-26.0;0;26;-26;0.0;26.0;1.745;0.0;0.0;0.0;0xcd890d780cb19996ba2db341b56b2ee0f80e713d8bae6dfb721bf873321050cb;;0.0;0.0;0;0;;False
0xD82E6c95ECA817D45E72af319D32254133b65573;-9.75;0.1265;0;1;0.0;9.75;-9.75;0;9;-9;0.0;9.75;0.1265;0.0;0.0;0.0;0x80f00be1692ebca0d0bdd681c471d4f77ed3ba766f04c31959c6b1325af0be19;;0.0;0.0;0;0;;False
0x327e61545A3437e71Ca7D85Cf603f5738B14a74F;3595.0;0.0;237;60;3822.0;219.2;3603.0;2388;197;2191;0.0;0.0;0.0;0.0;0.0;0.0;;;0.0;0.0;0;0;;True
0x1380ea721778ffd9dc158024dbddA2308B22Da07;-9.72;-0.4489;1;1;9.85;19.57;-9.72;10;19;-9;9.853;19.57;0.3511;0.8;0.0;0.0;0xdfe7c22903d90b04b7d1b13f6028532dd8550382e0a04c540734e369ec8b903e, 0x8c8d77f4f4cf0e31d44b80ccf37fd56f1001842e5b4c72d3a84a73e11e2a5567;;0.0;0.0;0;0;;False
0xEEdF7A957666bc1a3DA448E5A248c768A94A567B;0.98;-0.01846;1;0;0.98;0.0;0.98;0;0;0;0.9854;0.0;0.0;0.01846;0.0;0.0;0x3e12f1723a7b021501bbbe94e26841efdd4d59c7965451bc036a22ec0e8cabcd;;0.0;0.0;0;0;;False
0xC24562D848D5fb6B3Cc7876185668C0Fc464bb27;0.0;-0.03705;1;1;1.19;1.19;0.0;1;1;0;1.2;1.19;0.06295;0.1;0.0;0.0;0x1f26a52bef1eae6d2ee58116104e7413e20599e854b09930684671bf52dd37fd, 0x5854995e3862266b7a09a283cee7a47e27fd2c997a47164a004695ba30405a3c;;0.0;0.0;0;0;;False
0x603286354B6f36Aab5daC6FCCb69880435b80ff0;-4.15;0.09711;0;1;0.0;4.15;-4.15;0;4;-4;0.0;4.15;0.09711;0.0;0.0;0.0;0x5c67027c7b9b826a0d03de026896afe02f5f615bc77a5063633aac719c218957;;0.0;0.0;0;0;;False
0x9a49Ba10dc92C3dfD00235C67400De818AD69cbf;0.8;-0.01023;1;0;0.8;0.0;0.8;0;0;0;0.8;0.0;0.0;0.01023;0.0;0.0;0x266f12c6550dfc2fc0582c5ad622bc481fb7e1cddea737b4d0c5b079ec510366;;0.0;0.0;0;0;;False
0x6175E7a985CAeAC2db12FAdA99E626EBD6fE7bcC;-34.71;0.6077;0;1;0.0;34.71;-34.71;0;34;-34;0.0;34.71;0.6077;0.0;0.0;0.0;0x98d817d902a5165ee07516e2ab365bf64d4741adff495552d8dc74f7b76bad13;;0.0;0.0;0;0;;False
0xcD40260E92e21648a9c04d704E11dA61Dd365EDf;-100.0;2.014;0;1;0.0;100.0;-100.0;0;0;0;0.0;100.0;2.014;0.0;0.0;0.0;0x228dac09aa3a10c6b9c9d74aa3fd20ee8e416dd7d1094a5e3477d5c859620173;;0.0;0.0;0;0;;False
0xf1A51B0c10A46aD8308f690947801691eAe15fc2;-1.0;0.01198;0;1;0.0;1.0;-1.0;0;1;-1;0.0;1.0;0.01198;0.0;0.0;0.0;0x8670033273eeddb51e41c8a5d4b0a28e66c5db1bcd35f086c49cfc40d1c038b3;;0.0;0.0;0;0;;False
0x13f460158EC3e0b1a1aBb45Ad8676050E6ccB53D;-2.0;0.02293;0;1;0.0;2.0;-2.0;0;0;0;0.0;2.0;0.02293;0.0;0.0;0.0;0x170de102fb59b2345713655543c092ae3acf50192305b029d9c1ad705167b979;;0.0;0.0;0;0;;False
0x278e8d7fC6E198Fb1b0e891d41a48313825e4eAa;-0.99;0.05034;0;1;0.0;0.99;-0.99;0;1;-1;0.0;0.99;0.05034;0.0;0.0;0.0;0x3904410d48f83c745d39258d956a0c28917f440e594b163ffaf09b9f07fb8823;;0.0;0.0;0;0;;False
0x89621be2882409fE77C292b28ddE0e8872394510;0.77;-0.03399;1;0;0.77;0.0;0.77;0;0;0;0.7712;0.0;0.0;0.03399;0.0;0.0;0x166975d65dd370ff9b6bc17623e368df3406373ea326ce7120811572fe0b8aa1;;0.0;0.0;0;0;;False
0x36032340E255D6eCbE5bEC5A37F3f9A26d134B59;-1.11;0.0595;0;1;0.0;1.11;-1.11;0;1;-1;0.0;1.11;0.0595;0.0;0.0;0.0;0x2edaf8d8a0a2a9da582e5c132443a73dadbea9a3a7dd902dfdb418856b18aa71;;0.0;0.0;0;0;;False
0xDd4D5a5BBbEc277D2E13913968cEcDCFCC617CD0;-2.02;0.04633;0;1;0.0;2.02;-2.02;0;2;-2;0.0;2.02;0.04633;0.0;0.0;0.0;0x947af763f4782f4ce7eebf0adfb84cc041984441a6d59318ea1ec6d6b4111402;;0.0;0.0;0;0;;False
0xD267fdA7ECBE322e64Bf807dE06E8E2284b72dA9;0.0;0.08595;0;0;0.0;0.0;0.0;0;0;0;0.0;5.0;0.08595;0.0;0.0;0.0;0x80946788de6ae2e60b453fcfff9f36aee6544946796a13f81d71bc801d0ed90b;;0.0;0.0;0;0;;False
0x37e38E229ecEBBf9a6F4B8479B71508Ece16D597;-25.0;0.6531;0;1;0.0;25.0;-25.0;0;25;-25;0.0;25.0;0.6531;0.0;0.0;0.0;0xd8dec15f8cd542e5bb36506daba7781cf99c13463ca7ee9b13aad3382bc7a1d3;;0.0;0.0;0;0;;False
0xB6F30f6fff1fbC6597c6E32A8865b1BCCFe84C5D;-12.81;0.4949;0;1;0.0;12.81;-12.81;0;12;-12;0.0;12.81;0.4949;0.0;0.0;0.0;0xd7dec12e99745eea685e0d3f794a52e86204e89b3c89546cbdc45968f7945dea;;0.0;0.0;0;0;;False
0x6F3fc59E084600569AA3496A139d88C172444A7D;-4.33;0.2774;1;1;0.13;4.46;-4.33;0;4;-4;0.1324;4.46;0.2874;0.01;0.0;0.0;0x492276c2401b1fa770c68fc65c74eca4168809c22de9a15620d442c704ca96dd, 0x543bea8746c1d294137d7e26a4e2b4e04d805b273c914b64fe238c168f4e240a;;0.0;0.0;0;0;;False
0x612C45551195f15Bf05D722b9f137C914b077FC7;0.98;-0.0181;1;0;0.98;0.0;0.98;0;0;0;0.9848;0.0;0.0;0.0181;0.0;0.0;0xd1ee9b22480c28e57b477f7a4297c11391ef7e575a914482d15c99ee47b70c25;;0.0;0.0;0;0;;False
0xc298c36eb5840A4b0e5BFb4145742b198cC9ceD9;0.86;-0.065;1;0;0.86;0.0;0.86;0;0;0;0.8622;0.0;0.0;0.065;0.0;0.0;0xb112e3199f1f0572667d44e5af036f1cbaa9a36f4c590516bf336c383873538d;;0.0;0.0;0;0;;False
0xD93d10900F53A4F445a88d62effF803edfE20980;-274.0;2.945;0;1;0.0;274.0;-274.0;0;0;0;0.0;274.0;2.945;0.0;0.0;0.0;0x471e681bdaf8782b57c7292850c46b8f7dd07f1c2bf63944afab6ef31c6e8754;;0.0;0.0;0;0;;False
0xED12310d5a37326E6506209C4838146950166760;0.0;0.0;1;1;2.0;2.0;0.0;2;2;0;0.0;0.0;0.0;0.0;0.0;0.1293;0x62b1f1a00a304f56c8c567d8990aba852a2cca9f56d2d0aacb7724aceb1f1900;0x4deAAe930AE5251D28e500B2372c626088C85cE7;0.0;0.0;0;0;;True
0xE35b709699F85D1C650F7d595030E1a7aBA4621E;0.0;0.0;1;1;1.0;1.0;0.0;1;1;0;0.0;0.0;0.0;0.0;0.0;0.0;;;0.0;0.0;0;0;;False
0x907Af9deE0405f92BE69C87CF48adbFc97994b3A;0.98;-0.01809;1;0;0.98;0.0;0.98;0;0;0;0.9852;0.0;0.0;0.01809;0.0;0.0;0x17b6582693d104d6dd0d05e9b3309805dfc9a9a94782860aab16b52298de263f;;0.0;0.0;0;0;;False
0x6227Fe0BA15456885D1D765533Ab5504f24F0815;0.87;-0.02948;1;0;0.87;0.0;0.87;0;0;0;0.8707;0.0;0.0;0.02948;0.0;0.0;0xa26643dc47f3d309945014075e0bb124f55ad392e9ee7d8e0b975245379f9e2e;;0.0;0.0;0;0;;False
0xC9673C6D77564655421A9B23A3Fd2b9606bCeC2B;-3.48;0.08685;0;1;0.0;3.48;-3.48;0;3;-3;0.0;3.48;0.08685;0.0;0.0;0.0;0x5427304af1fc5391d84489f8520fafe1b55bd9f53c2b175f5d8b19a6a5f153be;;0.0;0.0;0;0;;False
0x77A0A17fBafd45B88257B47838bCf3a2c97c98cf;-30.0;0.3925;0;1;0.0;30.0;-30.0;0;30;-30;0.0;30.0;0.3925;0.0;0.0;0.0;0x3997ccf6ff11ba460809786410688ebbca5553e4f736ff7db0cd847aed531a08;;0.0;0.0;0;0;;False
0xbc1c70f27d72c2032a4bA80818Cb3b7C47B84999;-6.0;0.0753;0;1;0.0;6.0;-6.0;0;0;0;0.0;6.0;0.0753;0.0;0.0;0.0;0x7fca0587c5568cce838a4b3e434c17939d558a3a3c0b308accfc03373bb5b1e4;;0.0;0.0;0;0;;False
0x1252bf1BEeA27b001d2e324069e92d83722Cd40F;-22.0;0.2606;0;1;0.0;22.0;-22.0;0;22;-22;0.0;22.0;0.2606;0.0;0.0;0.0;0xd4aee591aefa7abc0211356a014c09420d3284a144d7bcf400dd6359ca9c4d85;;0.0;0.0;0;0;;False
0xDd37fAb50Bc836bB863Ab99547f0DA87761e328f;-5.0;0.09801;0;1;0.0;5.0;-5.0;0;5;-5;0.0;5.0;0.09801;0.0;0.0;0.0;0x24f0cc3808bf1e0e6425a3b2b67d0d8e6b84878c6e540db44bede9e2d14857ed;;0.0;0.0;0;0;;False
0xE592427A0AEce92De3Edee1F18E0157C05861564;0.0;0.0;0;0;0.0;0.0;0.0;0;0;0;0.0;0.0;0.0;0.0;0.0;1.701;0x98da9b5733908154f43cdd9ad019f60d5eeba192354383ef9516ec366f29a1e4, 0x5427304af1fc5391d84489f8520fafe1b55bd9f53c2b175f5d8b19a6a5f153be, 0x12f0f3bff230c1dfa52bbf2046a65cb65db72b975bed139cf3b28d17baa9e130, 0xd7dec12e99745eea685e0d3f794a52e86204e89b3c89546cbdc45968f7945dea, 0xd092c1840c385d28da912dc8a6e8b552d139c28894de349794f4c69307de3b23;0xB6F30f6fff1fbC6597c6E32A8865b1BCCFe84C5D;0.0;0.0;0;0;;True
0xF4B761D98B828175E09bBA0fd5a616d44C35bDE2;-22.09;0.7924;1;1;2.55;24.64;-22.09;2;24;-22;2.556;24.64;0.9904;0.198;0.0;0.0;0xc0a84694086b528a0f3758be0c0df50b193e191e6ed79b889d9001547c55f550, 0xa334b64479705eef3616707189d71d6226f371bf40c2765c1526b0f2e6ccd95e;;0.0;0.0;0;0;;False
0x4deAAe930AE5251D28e500B2372c626088C85cE7;0.0;-0.035;1;1;2.0;2.0;0.0;2;2;0;2.0;2.0;0.1293;0.1643;0.0;0.0;0x9deaeda08dfefbb840f7da08570b45987676a1546976d816a8ef9114829d27e3, 0x62b1f1a00a304f56c8c567d8990aba852a2cca9f56d2d0aacb7724aceb1f1900;;0.0;0.0;0;0;;False
0x84694F4bfF6448A561775077403Aec92Ab4080a1;-9.3;0.08986;0;1;0.0;9.3;-9.3;0;9;-9;0.0;9.3;0.08986;0.0;0.0;0.0;0x3a6ae02d5f329ec67a574a4b5a0a9d745fcb41353fb67ab760b88cae7aba417e;;0.0;0.0;0;0;;False
0x3eB81b24F5c89fe0119998bb8772413D32fEC77C;-250.0;3.872;0;1;0.0;250.0;-250.0;0;0;0;0.0;250.0;3.872;0.0;0.0;0.0;0x575adbd333176a1d63c192db9f0c1b409b2c5667680984d15a1da5f9210c5213;;0.0;0.0;0;0;;False
0xE188b0Ba723260B14D5C61DcF8e7a69Ab4B9cF41;-5.9;0.06803;0;1;0.0;5.9;-5.9;0;5;-5;0.0;5.9;0.06803;0.0;0.0;0.0;0xa6fec628fdd305cc65c4a8ef15d7c12dd3e2d9aa83424e05d3d6e221c30270cc;;0.0;0.0;0;0;;False
0xa2BBD09ffe6a96BA31aae13118A5997A93034D80;0.99;-0.06565;1;0;0.99;0.0;0.99;0;0;0;1.0;0.0;0.0;0.06565;0.0;0.0;0xf3e04172baabdd4b4cd31eecce82ec2ad670701b2621de4b9a4f3a600bd73997;;0.0;0.0;0;0;;False
0x902ABfDE086583067D2854E36fE1034eC9079BB8;-14.61;1.108;0;1;0.0;14.61;-14.61;0;14;-14;0.0;14.61;1.108;0.0;0.0;0.0;0xd3232a10d418325593acd97e690c4207575c1bc32d1014871f61208d35b2688c;;0.0;0.0;0;0;;False
0xb5f7Ae9b7DF0344c74C188Cf0df2E194E4CC6C36;0.0;-0.04971;1;1;1.23;1.23;0.0;1;1;0;1.239;1.23;0.05029;0.1;0.0;0.0;0x44e914260af7eb092b9842f07562cab932b3de01b5139b8d5795ac86fe82b672, 0x7f866ad1b03b0822ea20c2384cbe3a66547495eaa14e286214f46a8b4d7f1eca;;0.0;0.0;0;0;;False
0x8dcd09140603138BFd3E803E9794e4db83D6E310;-21.0;0.199;0;1;0.0;21.0;-21.0;0;11;-11;0.0;21.0;0.199;0.0;0.0;0.0;0xcca4f419f7af0bf2bf8c3b797e8a6743cf97824ac3865a5d7bc8057de0fb29f0;;0.0;0.0;0;0;;False
0x18EfB173b295566D5c582e929Ee60c05885C2DA4;0.98;-0.01807;1;0;0.98;0.0;0.98;0;0;0;0.9852;0.0;0.0;0.01807;0.0;0.0;0x032f2079e215a15d0394b7e3ed4a834344af92a64acbb01518d012e49b756fcb;;0.0;0.0;0;0;;False
0x76658d88f009280Be60507E81861a949a35e30B7;-1.87;0.05754;0;1;0.0;1.87;-1.87;0;1;-1;0.0;1.87;0.05754;0.0;0.0;0.0;0x65b8e12e79308b748ee601eaa400a57478fd1c06dee744de413bec667769ee75;;0.0;0.0;0;0;;False
0x62B7F5F4e520276b2882CC7241982fA1eEF2e5bf;-20.78;0.8126;0;1;0.0;20.78;-20.78;0;20;-20;0.0;20.78;0.8126;0.0;0.0;0.0;0x69dc6f9dcb5cf26c188e4ed15a5011d291f258adbe2bbdf262723a95c778b6b2;;0.0;0.0;0;0;;False
0x68b4Da6C2DfdC08f0609a7785A5412AaB92Df8d2;-2.0;0.1044;0;1;0.0;2.0;-2.0;0;2;-2;0.0;2.0;0.1044;0.0;0.0;0.0;0x7cecb3a2bd3cd604331522131074e16b10827a1037afb7f28441d7dc2c9e3fda;;0.0;0.0;0;0;;False
0xE1666213AaD05DedfF07886813fA3b88F7Efca21;-4.45;0.04353;0;1;0.0;4.45;-4.45;0;2;-2;0.0;4.45;0.04353;0.0;0.0;0.0;0x9bcfed3dc3c554b23ea11c0b87aabfca0389433c283a3b3c2ba12589a0b681d6;;0.0;0.0;0;0;;False
0x5Ad76D03973b089E9ED3bd94574A5da245820307;-10.92;0.1243;0;1;0.0;10.92;-10.92;0;10;-10;0.0;10.92;0.1243;0.0;0.0;0.0;0x6674559ab86db5036923d21e5d2beaf33d03a4df3a7669b6f2b3c375be4f97aa;;0.0;0.0;0;0;;False
0x59423E089F6770a09d1869b4544e8993F250D1F2;-30.0;0.9127;0;1;0.0;30.0;-30.0;0;0;0;0.0;30.0;0.9127;0.0;0.0;0.0;0x6c446c20429ea60646f822dcad9fd882cac1d2f160acca8585a2276dc64ebb92;;0.0;0.0;0;0;;False
0x7D5D6eCE83B737b409A5167f53F994990EF8c567;-8.84;0.1053;0;1;0.0;8.84;-8.84;0;8;-8;0.0;8.84;0.1053;0.0;0.0;0.0;0x7ec8d937ea0a2367bb79781a159aba6468392a2ed492c1ab84302c794b0a4e35;;0.0;0.0;0;0;;False
0xE98A3dAae94513EbFD4b5Cce8a7850C59BbaC02a;-1.72;0.1298;0;1;0.0;1.72;-1.72;0;1;-1;0.0;1.72;0.1298;0.0;0.0;0.0;0x05cbe862645850fdc04b140902de2e432e926cdb90bc03262d7b6aaa4aa13b24;;0.0;0.0;0;0;;False
0x9D9DE0F6410A89c5334d5221B4f2104AC87F16c0;-12.0;0.1459;0;1;0.0;12.0;-12.0;0;12;-12;0.0;12.0;0.1459;0.0;0.0;0.0;0x0edb11517ce8ae3ffbc1ebf43e0bf6161ca90a0e28b60d44d156ced66ce966f5;;0.0;0.0;0;0;;False
0xEAEF02dbf083Bf8E7db204E41cBD989614A72d6A;0.0;0.07378;0;0;0.0;0.0;0.0;0;0;0;7.9e-05;1.0;0.07379;5.913e-06;0.0;0.0;0xc7917227b46a4c1303fe4b94d8cd058f01a904525ad0cda12d4a8d98ae753022, 0x358a4dbc0722bb6f4c5e2a81dd7f6cd0e7737e5218edd6a190a2023ec65f9dbd;;0.0;0.0;0;0;;False
0xd4b3867A834c5105B7B090365607d5b674d003Cb;-5.02;0.04779;0;1;0.0;5.02;-5.02;0;5;-5;0.0;5.02;0.04779;0.0;0.0;0.0;0xd092c1840c385d28da912dc8a6e8b552d139c28894de349794f4c69307de3b23;;0.0;0.0;0;0;;False
0x7bc3b1236358D4cacD65A5160AE6F07B994B1822;-2.04;0.1681;0;1;0.0;2.04;-2.04;0;2;-2;0.0;2.04;0.1681;0.0;0.0;0.0;0x7be548e684ee6ee6bb892cda69321de704569a31f32938f531c9697f8a1be099;;0.0;0.0;0;0;;False
0x2bF59F59eA3b190F9b27C6aaA000D08fAc495aD7;-6.0;0.06068;0;1;0.0;6.0;-6.0;0;6;-6;0.0;6.0;0.06068;0.0;0.0;0.0;0x2c30ea6a2a17877e902c6cf6ab25c0290646e06cc1538dc696cfbdc8c6e53fab;;0.0;0.0;0;0;;False
0xDc02C6c84E311adFB32a88cda312E97a5c029AD6;-7.92;0.07557;0;1;0.0;7.92;-7.92;0;7;-7;0.0;7.92;0.07557;0.0;0.0;0.0;0x458a6c7d4ac2470475da1ae47ac6e58f5a5fd16dc865377d36a15d465c56111b;;0.0;0.0;0;0;;False
0x2671Df15A2E526c513967bd460D82ba01Ba7571f;-0.01;-0.051;1;1;26.19;26.2;-0.01;26;26;0;26.19;26.2;1.949;2.0;0.0;0.0;0xff75179418e77f139db68f8700dc70fa5ac22d1d054fad355cae49bc81189ca9, 0x7c0decc0184110666ee651c13afd84eccefb7402ab08d1ad2cab44e2071d5559;;0.0;0.0;0;0;;False
0xa42d721DdC5247B5b939666b26081394FfA4CE8f;0.99;-0.0128;1;0;0.99;0.0;0.99;0;0;0;0.9971;0.0;0.0;0.0128;0.0;0.0;0x1109ceef064e79e4b739f6580572004210b588e1244abc67958a6a4d348df464;;0.0;0.0;0;0;;False
0x55092ec47413EA060322ac873f9B7746aa34AdF9;-8.42;0.6251;0;1;0.0;8.42;-8.42;0;8;-8;0.0;8.42;0.6251;0.0;0.0;0.0;0x990d2d9816c9ef052df5d3819d37cf6c70177341f674cc1f44d132d8ba88c1eb;;0.0;0.0;0;0;;False
0x3A6154998397441C7DA755e93eEcC2f2460Be365;-37.0;0.6159;0;1;0.0;37.0;-37.0;0;37;-37;0.0;37.0;0.6159;0.0;0.0;0.0;0x7d25e2cd90fda9cdb1a491f14eac9e6c298a4d0a4219ff85db61577252bad251;;0.0;0.0;0;0;;False
0x2e75332E7eb55056017dBCDeE206601Cab372eEC;-20.0;1.235;0;1;0.0;20.0;-20.0;0;20;-20;0.0;20.0;1.235;0.0;0.0;0.0;0xf79cdc3054a79845db661967ba9bf733e326434241cc2032f3e84c7628296e76;;0.0;0.0;0;0;;False
0xAAC98D26f483FCbc10Aa849f01f82D50fb162567;0.71;-0.01601;1;0;0.71;0.0;0.71;0;0;0;0.7125;0.0;0.0;0.01601;0.0;0.0;0xc5f33ef76e567c7587f1ab464ea8771445857eb3ed5519c52983416544d69fee;;0.0;0.0;0;0;;False
0x5d16c4efEA50aA82A420B87BE59d1d7370EeA82B;-45.86;1.224;0;1;0.0;45.86;-45.86;0;45;-45;0.0;45.86;1.224;0.0;0.0;0.0;0xfc98732e73ab2736f1d8b81777da8c6c8400d4ec8bbc345d37ae9d209db282df;;0.0;0.0;0;0;;False
0x1111111254EEB25477B68fb85Ed929f73A960582;0.0;0.0;0;0;0.0;0.0;0.0;0;0;0;0.0;0.0;0.0;0.0;0.0;5.945;0x44e914260af7eb092b9842f07562cab932b3de01b5139b8d5795ac86fe82b672, 0xc18e9468dfd8ad0bf5c218058024b087d4e86299a544654b0ac867a80123e347, 0x0c7543c0b11817e27904d53766fccf78c516f979e0963368ebd53420705be58d, 0x38d146bf4f72fbcb69904b0b2d4e28e47b99c36df1dbf6493380802d5a16ab94, 0xb64d4648f27bc81a3d19c1afa86252d970ab0227cd8cc8ace82898503dd6bfe7, 0xc0bd8ada817e81628527e34d2384cd3fac38258fedfb49892163570dc26d4974, 0x19776a9b132db56c8af7d8ee566d87f4a5feaa5fff25f238707a2bcc7c71538e, 0x19e850d6154a7a25d8b2fc34ef1e8d482c93fd8bff1e3e50c5f2244efdf8c52b, 0x458a6c7d4ac2470475da1ae47ac6e58f5a5fd16dc865377d36a15d465c56111b, 0x322d5ac11fa42d40b4a3ed54ca000faa27f89ccc53b41c5fd40051fce375341a, 0x41c8f76f91965227f25c7fb37d7a280df793e9362701de6f4961f831b7f58e33, 0x98d817d902a5165ee07516e2ab365bf64d4741adff495552d8dc74f7b76bad13, 0xebff18b8c2d323fd66aa2bd6078f0786dba3a2b2ff8849f8bb52b99e85885af1, 0x336554518cacd6bcaad892d2769c75e6a8e874a2f6af38f4087f842e273218b6;0x4B52db0454D9593B633dAb3aE5F037976899E576;0.0;0.0;0;0;;True
0xf4c40bF7070Fdcf64Ecf020bCb583738A6cC3bcD;-2.0;0.03362;0;1;0.0;2.0;-2.0;0;2;-2;0.0;2.0;0.03362;0.0;0.0;0.0;0x7f87267adc2ad03db29a455e27b9799066681f82fb5dff417be503ec58e27360;;0.0;0.0;0;0;;False
0xAAB961723E77c77AF13968F89bEB80EE8c815cf4;-25.18;1.816;0;2;0.0;25.18;-25.18;0;25;-25;0.0;25.18;1.816;0.0;0.0;0.0;0x56e38f50e5a3d43947ad180491293346acd891deeb220a246efd97cdd5efc8f6, 0x1c2a5ca14110e2cc740a6be485ab5bf20c90b8dac9c0a6faf573579946ff4bbf;;0.0;0.0;0;0;;False
0x3AcF3625eCe9274f389808906B6176D00D6AA785;-4.56;0.0997;0;1;0.0;4.56;-4.56;0;4;-4;0.0;4.56;0.0997;0.0;0.0;0.0;0xaabe3fdbeb829f36d7d5ed7979e56373d6a3c84b0c22d601f9098114f358859a;;0.0;0.0;0;0;;False
0x8f97f52B0040476f8b255750cDCAf1082F85B5c2;2.9;-0.2176;1;0;2.9;0.0;2.9;3;0;3;2.903;0.0;0.0;0.2176;0.0;0.0;0xddbfa53a37aace0fbe6a46bf04913a7b2dcf77468a77651ce436ece89e6195a9;;0.0;0.0;0;0;;False
0xDD5c62e4ed79C5953C345CadB7e66ff413F5e1BF;-14.18;0.1705;0;1;0.0;14.18;-14.18;0;14;-14;0.0;14.18;0.1705;0.0;0.0;0.0;0xf901eb4e3e26bb00cc0d6e1ba19ba823a0c1f3b4f175d80121c90f18063f8f9c;;0.0;0.0;0;0;;False
0xE1340bB361896db405B3E54E93b0Ac3626f6C709;-20.0;0.8704;0;1;0.0;20.0;-20.0;0;20;-20;0.0;20.0;0.8704;0.0;0.0;0.0;0x6c3ed38f3ae5ecdaefb919962d4231ff293deddaae7888dca093789df248a4b6;;0.0;0.0;0;0;;False
0x13e4cD6D395908457C2d44183226143d9a9733B2;-11.07;0.7228;0;1;0.0;11.07;-11.07;0;11;-11;0.0;11.07;0.7228;0.0;0.0;0.0;0x3f890087501c67975529144894250558629652e88606215c41efab2dfa6a3bb2;;0.0;0.0;0;0;;False
0xEce82E81229dA8AF28646F88C2a7E643baF4DD9b;-16.06;0.3334;0;1;0.0;16.06;-16.06;0;16;-16;0.0;16.06;0.3334;0.0;0.0;0.0;0x19e850d6154a7a25d8b2fc34ef1e8d482c93fd8bff1e3e50c5f2244efdf8c52b;;0.0;0.0;0;0;;False
0xE086D858c555AfAe2Da9E86c067794Ba2046C339;-2.04;0.08071;0;1;0.0;2.04;-2.04;0;2;-2;0.0;2.04;0.08071;0.0;0.0;0.0;0xaf744182339e69fee3b7fc92b174d29d3b4300fda2738cbebed0e27dfee05037;;0.0;0.0;0;0;;False
0xcE3bEf7Cc450F5B0c3bC3fb803af5e324Fe381d1;-0.52;0.0271;0;1;0.0;0.52;-0.52;0;0;0;0.0;0.52;0.0271;0.0;0.0;0.0;0x91bd8f94c2b02c9c9438901472eed3ab701bddd9a786ea48d90eba5d1931caa4;;0.0;0.0;0;0;;False
0x12345Fb2cB4b0b9997b3F36d793Ba4fC5a250e3d;-3.0;0.03586;0;1;0.0;3.0;-3.0;0;3;-3;0.0;3.0;0.03586;0.0;0.0;0.0;0x26c459a041496635454a93cca419ea9ce5be396181f29c6ea61519241c661832;;0.0;0.0;0;0;;False
0xf00005e02A3A179468B65335858FD7C757951B7f;-7.0;0.06833;0;1;0.0;7.0;-7.0;0;7;-7;0.0;7.0;0.06833;0.0;0.0;0.0;0xb1dd0c35dcaed8e2433d1eca9cd44ece5088fc9f47a27e43b7f542bb5feb842c;;0.0;0.0;0;0;;False
0xD1f397488140A7A790f84601f1906Aecd5cD7a61;0.0;-0.8373;1;1;12.9;12.9;0.0;12;12;0;12.9;12.9;0.1627;1.0;0.0;0.0;0x9293c4cc6d85f2f52aebdf5c57786711d1db9dfb77e524871ab0afb811849ca1, 0x18e53b9bc5f6efa3f2544774cd03efa16d045f80339a81a229a687424e4a6b01;;0.0;0.0;0;0;;False
