addresses;emerald_balance;eth_balance;erc20_input_tx_count;erc20_output_tx_count;erc20_amount_in;erc20_amount_out;erc20_balance;transfer_input_tx_count;transfer_output_tx_count;transfer_output_balance;swap_ledger_emerald_bought;swap_ledger_emerald_sold;swap_ledger_ether_gained;swap_ledger_ether_spent;swap_ledger_emerald_received;swap_ledger_eth_received;swap_ledger_tx_list;os_eth_spent;os_eth_gained;os_emeralds_bought;os_emeralds_sold
0xaab2f49e5b0779d50fef7d801bb4bc682dbbdb9e;0.0;0.01477;0;0;0.0;0.0;0.0;0;0;0;1.243;11.34;0.1125;0.09773;0.0;0.0;0xc27709ed40d447742ea6c932a870749072a5d9ab4073fac628761fc9f8f618f5, 0x9f845c1df5abf488bb43979ac9ee15c2b4dc62011b3ae332a9c8bfe2df404bcf, 0x7ce8efd583388296b80c6ecd8a1e48cbd2fa56a22412390a692e98aa7c26c8c5, 0x242bb1640b53498900d1558c6714ed121e19d884ec5aefebb65aeb5d198b04b1, 0xec6af38ac84215d30f21451f3a9090326c280850bce00976c101e1e44955b6c6, 0xa873caac7e377dc4ee8bf5fa4ee18400734320ac38d1117169f9983ef0095ca7, 0x920eaffbf916c382cfa6909bbd3e06eb669a996eb3c2360174b1187f6bf44931;0.0;0.0;0;0;
0x735ec57eae676c8512be925b071cdf003b7ef42c;0.0;0.0;4;6;590.0;590.0;0.0;90;90;0;0.0;0.0;0.0;0.0;0.0;0.0;;0.0;0.0;0;0;
0x13fedc7c99d2f97d1e881d7233772cd8beb97f43;0.37;0.0;1;0;0.37;0.0;0.37;0;0;0;0.0;0.0;0.0;0.0;0.0;0.0;;0.0;0.0;0;0;
0x149c5af238267f6e3a1745570df1280f939b4a88;0.0;0.0;1;1;3.09;3.09;0.0;3;3;0;0.0;0.0;0.0;0.0;0.0;0.0;;0.0;0.0;0;0;
0x3acf3625ece9274f389808906b6176d00d6aa785;0.0;0.0;2;2;7.09;7.09;0.0;6;6;0;0.0;0.0;0.0;0.0;0.0;0.0;;0.0;0.0;0;0;
0x8c8e23fa04557d9e0b579ea5fe45051e934f147d;0.0;0.0;4;3;60.0;60.0;0.0;30;30;0;0.0;0.0;0.0;0.0;0.0;0.0;;0.0;0.0;0;0;
0x51f7d18b5cd7695e0d3b46b0a0f2647d06d4a248;0.0;0.0;1;1;9.19;9.19;0.0;9;9;0;0.0;0.0;0.0;0.0;0.0;0.0;;0.0;0.0;0;0;
0xdd84d5952eeff0f0474cecab7654b067d05d1953;0.0;0.3672;3;1;31.61;31.61;0.0;31;31;0;0.0;31.61;0.3672;0.0;0.0;0.0;0x8a40012e4bd14dc1729394c5990021dd4e9be7fdfaf71ab90e9b19ac7027a781;0.0;0.0;0;0;
0x4645057b189150225f7b6d7229bd9cc190e7b239;1.0;0.0;1;0;1.0;0.0;1.0;1;0;1;0.0;0.0;0.0;0.0;0.0;0.0;;0.0;0.0;0;0;
0xb5f7ae9b7df0344c74c188cf0df2e194e4cc6c36;0.0;0.0;1;1;1.23;1.23;0.0;1;1;0;0.0;0.0;0.0;0.0;0.0;0.0;;0.0;0.0;0;0;
0x65459003aabe0dc3843fc35df8d9ed856c214259;0.0;0.0;1;1;5.11;5.11;0.0;5;5;0;0.0;0.0;0.0;0.0;0.0;0.0;;0.0;0.0;0;0;
0x1ea565809cc3883548f2e5f7a429e0cc88fdd6fb;0.0;0.0;1;2;10.0;10.0;0.0;0;0;0;0.0;0.0;0.0;0.0;0.0;0.0;;0.0;0.0;0;0;
0xe44fb80951c7313cf9eb42d7c484e10e3060ce8c;1.76;0.0;1;0;1.76;0.0;1.76;1;0;1;0.0;0.0;0.0;0.0;0.0;0.0;;0.0;0.0;0;0;
0x11800b759fb5f1e818d6b9e9f21bfac2f0bb4636;0.02;0.7118;2;1;53.02;53.0;0.02;53;53;0;0.0;53.0;0.7118;0.0;0.0;0.0;0x80f18b58ae59011bf5c76b090bca66f6a94983aa431e429413b6a65941b64d1a;0.0;0.0;0;0;
0xba7f114b61223ce2ed6d8b04938c5f0812960f58;0.0;0.0;1;1;10.76;10.76;0.0;10;10;0;0.0;0.0;0.0;0.0;0.0;0.0;;0.0;0.0;0;0;
0xaef628a3a8bcc40dde915f98f018d6ea64fbaf8f;0.48;0.0;1;0;0.48;0.0;0.48;0;0;0;0.0;0.0;0.0;0.0;0.0;0.0;;0.0;0.0;0;0;
0xd7f883d753314b6caa752498b354ce48b327389c;6.0;0.0;2;0;6.0;0.0;6.0;0;0;0;0.0;0.0;0.0;0.0;0.0;0.0;;0.0;0.0;0;0;
0xee4daac843bc54a23c80f5176882e7eeacde0371;0.0;0.1807;1;1;10.98;10.98;0.0;10;10;0;0.0;10.98;0.1807;0.0;0.0;0.0;0xc18e9468dfd8ad0bf5c218058024b087d4e86299a544654b0ac867a80123e347;0.0;0.0;0;0;
0xa396772fb4ebcf668e04c28049b965ec4ad7107a;2.0;0.0;1;0;2.0;0.0;2.0;2;0;2;0.0;0.0;0.0;0.0;0.0;0.0;;0.0;0.0;0;0;
0x9c156e778bcb111b7e803f8773b6b3a627a1ac84;2.0;0.0;3;5;45.0;43.0;2.0;5;5;0;0.0;0.0;0.0;0.0;0.0;0.0;;0.0;0.0;0;0;
0xc5a36e8814aa68eca9ecb6996a158e8e8e8425f6;0.33;0.0;1;1;9.33;9.0;0.33;9;9;0;0.0;0.0;0.0;0.0;0.0;0.0;;0.0;0.0;0;0;
0xfefea9427bef554cc572bc4e887a0b9642fd8f4e;0.0;0.0;1;1;20.0;20.0;0.0;0;0;0;0.0;0.0;0.0;0.0;0.0;0.0;;0.0;0.0;0;0;
0x0b7d339fbfa5c70c1bb23bdad8e97f2858742958;0.0;0.0;1;1;5.0;5.0;0.0;5;5;0;0.0;0.0;0.0;0.0;0.0;0.0;;0.0;0.0;0;0;
0xa673e962941e0f87ce557989cbc7901560d349d6;0.0;0.0;1;1;2.2;2.2;0.0;2;2;0;0.0;0.0;0.0;0.0;0.0;0.0;;0.0;0.0;0;0;
0x8ddca93a427de6121120d0b594c141e6efe21c4a;0.0;0.0;1;1;0.85;0.85;0.0;0;0;0;0.0;0.0;0.0;0.0;0.0;0.0;;0.0;0.0;0;0;
0xbd6b8d8fa94f7307840252548549b56a33c98054;0.01;0.0;3;1;40.01;40.0;0.01;0;0;0;0.0;0.0;0.0;0.0;0.0;0.0;;0.0;0.0;0;0;
0xbd40a797140f36e608b41390e669f11e79de4b6d;1.0;0.0;1;0;1.0;0.0;1.0;1;0;1;0.0;0.0;0.0;0.0;0.0;0.0;;0.0;0.0;0;0;
0x4626881cf95d749980ad2be20a81b32f962d2c3c;0.0;0.0;1;1;2.73;2.73;0.0;2;2;0;0.0;0.0;0.0;0.0;0.0;0.0;;0.0;0.0;0;0;
0xb647e8db0cc1c8a271e196a591a3a3e44e43b04b;0.0;0.0;2;3;45.0;45.0;0.0;20;20;0;0.0;0.0;0.0;0.0;0.0;0.0;;0.0;0.0;0;0;
0xa3755019a5a5eed961e763b042bc177f44066cc9;0.0;0.0;1;1;4.52;4.52;0.0;4;4;0;0.0;0.0;0.0;0.0;0.0;0.0;;0.0;0.0;0;0;
0x6c90a82b53356cdba4a1d0ab49d9ba11de2a722f;0.0;0.0;2;1;17.15;17.15;0.0;17;17;0;0.0;0.0;0.0;0.0;0.0;0.0;;0.0;0.0;0;0;
0x7e34c4564edb5477f07ecce29b4a1329441a63b5;0.66;0.0;2;1;1.58;0.92;0.66;0;0;0;0.0;0.0;0.0;0.0;0.0;0.0;;0.0;0.0;0;0;
0x6d4e2e9c590525fca0286213b3c616620132ff78;0.0;0.0;2;1;11.26;11.26;0.0;11;11;0;0.0;0.0;0.0;0.0;0.0;0.0;;0.0;0.0;0;0;
0x7b10680ee6ff24bdc7300781fb01adb60677ecb4;2.78;0.0;1;0;2.78;0.0;2.78;2;0;2;0.0;0.0;0.0;0.0;0.0;0.0;;0.0;0.0;0;0;
0x47b7cb3481931257c0689bf698901c34157d7046;0.0;0.0;1;1;0.79;0.79;0.0;0;0;0;0.0;0.0;0.0;0.0;0.0;0.0;;0.0;0.0;0;0;
0x05a2abee70322486f10110d4e1e866f6e3cbe9d1;0.0;0.01099;1;1;1.15;1.15;0.0;1;1;0;0.0;1.15;0.01099;0.0;0.0;0.0;0x5b2a04d157fadde847f0552020dbdc573ff9c5c614ec0482e73d37debc2ff74b;0.0;0.0;0;0;
0x16361bfd5486b2a5804bca01c5e29479166b274b;4.1;0.0;1;0;4.1;0.0;4.1;4;0;4;0.0;0.0;0.0;0.0;0.0;0.0;;0.0;0.0;0;0;
0xfb8449d81da989ca9a0ece61c7bf3d9765738c4f;1.0;0.0;1;0;1.0;0.0;1.0;1;0;1;0.0;0.0;0.0;0.0;0.0;0.0;;0.0;0.0;0;0;
0x5f655ae9bf51c68eb764f2ca597b49dd23c744e8;0.0;0.0;1;2;50.0;50.0;0.0;0;0;0;0.0;0.0;0.0;0.0;0.0;0.0;;0.0;0.0;0;0;
0x7d5d6ece83b737b409a5167f53f994990ef8c567;0.0;0.1053;1;1;8.84;8.84;0.0;8;8;0;0.0;8.84;0.1053;0.0;0.0;0.0;0x7ec8d937ea0a2367bb79781a159aba6468392a2ed492c1ab84302c794b0a4e35;0.0;0.0;0;0;
0x21767af935976596bdd23bfa32e27618f72a9116;0.04;0.0;1;0;0.04;0.0;0.04;0;0;0;0.0;0.0;0.0;0.0;0.0;0.0;;0.0;0.0;0;0;
0x1cb1452b4250fc8404f0b2f0d3de740838672891;0.35;0.0;1;0;0.35;0.0;0.35;0;0;0;0.0;0.0;0.0;0.0;0.0;0.0;;0.0;0.0;0;0;
0x918376a2d264de9992ac3c38d439896565a12054;0.0;0.0;3;3;4.06;4.06;0.0;4;4;0;0.0;0.0;0.0;0.0;0.0;0.0;;0.0;0.0;0;0;
0xfeb37531c44701c48fa9dd4256dc0f97c9568cb9;0.0;0.0;2;3;9.44;9.44;0.0;9;9;0;0.0;0.0;0.0;0.0;0.0;0.0;;0.0;0.0;0;0;
0x603286354b6f36aab5dac6fccb69880435b80ff0;0.0;0.0;1;1;4.15;4.15;0.0;4;4;0;0.0;0.0;0.0;0.0;0.0;0.0;;0.0;0.0;0;0;
0x0000000000000000000000000000000000000000;-3209.0;0.0;0;0;0.0;0.0;0.0;0;3209;-3209;0.0;0.0;0.0;0.0;0.0;0.0;;0.0;0.0;0;0;
0xc34cce4331a680b416027ac783800146067748b0;0.0;0.0;1;1;1.0;1.0;0.0;1;1;0;0.0;0.0;0.0;0.0;0.0;0.0;;0.0;0.0;0;0;
0xe1666213aad05dedff07886813fa3b88f7efca21;0.0;0.04353;2;1;4.45;4.45;0.0;2;2;0;0.0;4.45;0.04353;0.0;0.0;0.0;0x9bcfed3dc3c554b23ea11c0b87aabfca0389433c283a3b3c2ba12589a0b681d6;0.0;0.0;0;0;
0x42f5998daed3c564d4fc7a8529a1acfe025f8818;0.13;0.05205;1;2;6.26;6.13;0.13;6;6;0;0.0;3.0;0.05205;0.0;0.0;0.0;0xe07a46307ffbbc6cdcacfde3a9ac46f72dc57c2ed743bfb03bbe3acdc6e45fde;0.0;0.0;0;0;
0x931ad8a45831e80659e3e7c549453411a1785432;0.0;0.0;1;1;1.47;1.47;0.0;1;1;0;0.0;0.0;0.0;0.0;0.0;0.0;;0.0;0.0;0;0;
0xae93b9fdf50b7d158c38647af5d22f3e187f6a05;0.0;0.01243;0;0;0.0;0.0;0.0;0;0;0;0.000213;1.0;0.01243;2.707e-06;0.0;0.0;0x27b6b2dfb4cf2a74ce5e0abf5b6747713ff89b4b189827856d827a31c55efd01, 0xf62c36bfcf91d6b5cb68ec5541fb6aba0d3c4ecf890825beec5fa6bf02f5a43b;0.0;0.0;0;0;
0xeee92583bb0a5925fc40c6d86a34326d4ed8b513;30.66;0.0;2;0;30.66;0.0;30.66;30;0;30;0.0;0.0;0.0;0.0;0.0;0.0;;0.0;0.0;0;0;
0xf4c40bf7070fdcf64ecf020bcb583738a6cc3bcd;0.0;0.03362;1;1;2.0;2.0;0.0;2;2;0;0.0;2.0;0.03362;0.0;0.0;0.0;0x7f87267adc2ad03db29a455e27b9799066681f82fb5dff417be503ec58e27360;0.0;0.0;0;0;
0x8d67642e5f047056b915b6cb5f317cabdbf0d894;0.0;0.0;2;4;16.0;16.0;0.0;0;0;0;0.0;0.0;0.0;0.0;0.0;0.0;;0.0;0.0;0;0;
0x81352a401b713514e5ce5b0ddc4644b6b9b64ad4;5.97;0.0;1;0;5.97;0.0;5.97;5;0;5;0.0;0.0;0.0;0.0;0.0;0.0;;0.0;0.0;0;0;
0xa02a61a4308d8bd686d8d1cc4aa35d781198275f;0.0;0.0;2;1;18.0;18.0;0.0;0;0;0;0.0;0.0;0.0;0.0;0.0;0.0;;0.0;0.0;0;0;
0x5ca887615098c6b7409f18502f57538205c768d9;100.0;0.0;1;0;100.0;0.0;100.0;0;0;0;0.0;0.0;0.0;0.0;0.0;0.0;;0.0;0.0;0;0;
0x3850cd6f7516fc46dd3aecf410fa84a0358968f5;0.0;0.1291;1;1;12.95;12.95;0.0;12;12;0;0.0;12.95;0.1291;0.0;0.0;0.0;0xf681ea395ba24bc68a1d48f2cd72f65dbc3234f18513e597ab97f05fd04d83fd;0.0;0.0;0;0;
0x56778e8e29790c59bc00e5be8afbe026e7384cbf;0.0;0.0;1;1;5.0;5.0;0.0;0;0;0;0.0;0.0;0.0;0.0;0.0;0.0;;0.0;0.0;0;0;
0x02f154e8fd459c7dd6842dd25b34480e9b2c0aab;0.0;0.0199;1;1;2.01;2.01;0.0;2;2;0;0.0;2.01;0.0199;0.0;0.0;0.0;0x9f5589721e53e48e700636e0c948f7379360ccea4c08ae0aa275c7aa7e9d8b7c;0.0;0.0;0;0;
0x731a35932d035c544961801cfe59505a830d09dc;0.0;0.0;3;2;21.69;21.69;0.0;21;21;0;0.0;0.0;0.0;0.0;0.0;0.0;;0.0;0.0;0;0;
0xaac98d26f483fcbc10aa849f01f82d50fb162567;0.71;0.0;2;1;26.57;25.86;0.71;25;25;0;0.0;0.0;0.0;0.0;0.0;0.0;;0.0;0.0;0;0;
0x8ecec0c9367490d2044aaff4030ad0becc33218b;0.0;0.0;1;1;10.0;10.0;0.0;0;0;0;0.0;0.0;0.0;0.0;0.0;0.0;;0.0;0.0;0;0;
0x36032340e255d6ecbe5bec5a37f3f9a26d134b59;0.0;0.0;4;3;7.36;7.36;0.0;6;6;0;0.0;0.0;0.0;0.0;0.0;0.0;;0.0;0.0;0;0;
0x064635e9ad8c770df4430180f0983ac0c59fc3fc;0.0;0.0;1;1;43.1;43.1;0.0;43;43;0;0.0;0.0;0.0;0.0;0.0;0.0;;0.0;0.0;0;0;
0xe35b709699f85d1c650f7d595030e1a7aba4621e;0.0;0.0;2;2;3.0;3.0;0.0;3;3;0;0.0;0.0;0.0;0.0;0.0;0.0;;0.0;0.0;0;0;
0x3df46c224e17dcdcc7ccb33ee8daf43b701c8888;0.0;0.0;1;1;5.52;5.52;0.0;5;5;0;0.0;0.0;0.0;0.0;0.0;0.0;;0.0;0.0;0;0;
0x505aac7495abc1f749bd83f627e190f2d99f1fdc;0.0;0.0;1;2;40.0;40.0;0.0;0;0;0;0.0;0.0;0.0;0.0;0.0;0.0;;0.0;0.0;0;0;
0x7644350b9189c8f3b446bb7d93b5d4a57dec443c;0.5;0.0;1;0;0.5;0.0;0.5;0;0;0;0.0;0.0;0.0;0.0;0.0;0.0;;0.0;0.0;0;0;
0x6fb9c52d235ff2d08d153fb7d969066f51a5fb37;0.59;0.0;1;0;0.59;0.0;0.59;0;0;0;0.0;0.0;0.0;0.0;0.0;0.0;;0.0;0.0;0;0;
0xc5aa32182a7bfccbcad5907a334de1957ce4ccd6;0.0;0.03273;1;1;2.74;2.74;0.0;2;2;0;0.0;2.74;0.03273;0.0;0.0;0.0;0x53ae34566714dab9fee0264f9b2a5ef69beba1f2b9d61ab5b6fd6aa81d3ca0cb;0.0;0.0;0;0;
0x5deb43d9e928346c0ad2d7bfd5f95a55bd2324a7;0.0;-0.04426;0;0;0.0;0.0;0.0;0;0;0;7.005;0.0;0.0;0.04426;0.0;0.0;0x843cd449f0f518a4407919201f984387f2f442e75f6f52fca7c4a70173b7a8f1, 0x17a408932260cab966d93022ad41ff5aa49ca3c9351dc54a54f2fd6d31651d09, 0xba0ff21f09672e0e17637b3333eb1e0a9d06ae25d3fe1b4a7a119b621d0f403f, 0x30228115806f36b8fa87dcae26578fe8ce4e94ece1db38806820b53b80fed724, 0x26bf23e7773b8cc973a3aeed6a25584ab65325eef2d877d89fb87cb4d2fbaf00, 0xe8f286679bb0a7b29b41a385a7d8cbb58f8827bf2156e65ba4016fc46cf72ddb, 0xa84551130c719a1c63b42c6817e8944fbe61a0c7d8f7498df98a95bcff14749c, 0x3eabe9d5c451c01fcdb4b24b357ada2d1de9fbdf4d0116ba2fbb3f75d28269e1, 0xfaa80a1db609e55e46e4f1952724f93ba8287389d74194aa9bfee9fff8a3afbe, 0x773185c1fcb389877d7d67f520bfad15247663ff17aa41481d5a8291553b8883, 0xbbfade9ee7fa8a500d2da4624a2401b984e29c919d696e461cd35afc142b0c86, 0xb97195e65137d4d13b2009cf225519d1550e9f66431f574f90789c44c7425fa9, 0x93c05acce2e80a55430e1bfbdf0231da154571e820a86c2f8ea42cb8f7c58233, 0x3bdb2632bafaac7d67ceb38cce6ab744022cad3ea5771bdb7d3dd0f84c0b3064;0.0;0.0;0;0;
0x4b42cb98ff7cda7b87ec532a519cdc3741035f60;35.36;0.0;3;0;35.36;0.0;35.36;35;0;35;0.0;0.0;0.0;0.0;0.0;0.0;;0.0;0.0;0;0;
0x4db22c07b7df5298531823e669850d22a1df3077;1.05;0.0;1;0;1.05;0.0;1.05;1;0;1;0.0;0.0;0.0;0.0;0.0;0.0;;0.0;0.0;0;0;
0xa26fd3a6f01fa472ce609fa490f2e3e4f1534a15;4.9;0.0;1;0;4.9;0.0;4.9;4;0;4;0.0;0.0;0.0;0.0;0.0;0.0;;0.0;0.0;0;0;
0x1ea17b373fb0484e9a9021f04d92ea063ce1f597;2.0;0.0;1;0;2.0;0.0;2.0;0;0;0;0.0;0.0;0.0;0.0;0.0;0.0;;0.0;0.0;0;0;
0x53c7f89db15c6251af5ab3fb3bc4771bf8deb4fa;0.0;0.0;1;1;5.36;5.36;0.0;5;5;0;0.0;0.0;0.0;0.0;0.0;0.0;;0.0;0.0;0;0;
0x4f1115e0b720528b2392256c610c5dda0c52521c;0.0;0.0;1;1;10.0;10.0;0.0;10;10;0;0.0;0.0;0.0;0.0;0.0;0.0;;0.0;0.0;0;0;
0x5a365f423f99cc8a89b045e145caa318f0f2f3ac;4.7;0.0;1;0;4.7;0.0;4.7;4;0;4;0.0;0.0;0.0;0.0;0.0;0.0;;0.0;0.0;0;0;
0x12345fb2cb4b0b9997b3f36d793ba4fc5a250e3d;0.0;0.03586;1;1;3.0;3.0;0.0;3;3;0;0.0;3.0;0.03586;0.0;0.0;0.0;0x26c459a041496635454a93cca419ea9ce5be396181f29c6ea61519241c661832;0.0;0.0;0;0;
0xf371875a0045b1fd61c4b1166066dcdd3bde1bb6;0.0;0.0;2;2;12.0;12.0;0.0;10;10;0;0.0;0.0;0.0;0.0;0.0;0.0;;0.0;0.0;0;0;
0x249aa765beae36e20e4ea2911ff0367b8712d9de;0.0;0.3577;1;1;20.13;20.13;0.0;20;20;0;0.0;20.13;0.3577;0.0;0.0;0.0;0xd306e05f77dcda3882dfa950a11faeec5552806b4fd938dcb7556626c7948a81;0.0;0.0;0;0;
0x77772275ac16aef12eae0ac9958360044012d777;1.27;0.0;1;0;1.27;0.0;1.27;1;0;1;0.0;0.0;0.0;0.0;0.0;0.0;;0.0;0.0;0;0;
0xb008b260a1a5cb0d11609a71ca454859e106dcf6;1.2;0.0;5;2;4.2;3.0;1.2;4;3;1;0.0;0.0;0.0;0.0;0.0;0.0;;0.0;0.0;0;0;
0x06a1d26b6dbcdb60b66a685615c344d38246c995;0.0;0.0;1;1;10.0;10.0;0.0;0;0;0;0.0;0.0;0.0;0.0;0.0;0.0;;0.0;0.0;0;0;
0xa2bbd09ffe6a96ba31aae13118a5997a93034d80;0.99;0.0;1;0;0.99;0.0;0.99;0;0;0;0.0;0.0;0.0;0.0;0.0;0.0;;0.0;0.0;0;0;
0x14cc15076a910f4ec1e3a4a59f29b9502556168f;20.98;0.0;1;0;20.98;0.0;20.98;20;0;20;0.0;0.0;0.0;0.0;0.0;0.0;;0.0;0.0;0;0;
0xb6ab823c6f694ee942021ebb8783dff9dbef6ce0;0.0;0.0;2;1;5.0;5.0;0.0;2;2;0;0.0;0.0;0.0;0.0;0.0;0.0;;0.0;0.0;0;0;
0xe9f5f982b1bd414d7d2a51b1e806292c6d49745a;0.01;0.0;1;0;0.01;0.0;0.01;0;0;0;0.0;0.0;0.0;0.0;0.0;0.0;;0.0;0.0;0;0;
0x6c2973ba38fd8fab5316942481dfa4fc84647dd9;0.0;0.0;1;1;2.0;2.0;0.0;0;0;0;0.0;0.0;0.0;0.0;0.0;0.0;;0.0;0.0;0;0;
0x97aa9ab6e54031e866eceb33b214271f257aace6;0.0;0.0;1;1;1.23;1.23;0.0;1;1;0;0.0;0.0;0.0;0.0;0.0;0.0;;0.0;0.0;0;0;
0x74bd8dd1be27b5929c5d8d32d0f90bb2ca09945a;0.0;0.05939;2;2;11.69;11.69;0.0;11;11;0;0.0;5.24;0.05939;0.0;0.0;0.0;0x436a890e47e1264333a70ab86ab162a09de0c2922ea8795f66baf3e5a5f6b17d;0.0;0.0;0;0;
0x3b69efcbecb6be7e9857c0bf5ecce892367b5549;0.0;0.0;2;2;70.0;70.0;0.0;10;10;0;0.0;0.0;0.0;0.0;0.0;0.0;;0.0;0.0;0;0;
0x907af9dee0405f92be69c87cf48adbfc97994b3a;0.98;-0.01809;1;0;0.98;0.0;0.98;0;0;0;0.9852;0.0;0.0;0.01809;0.0;0.0;0x17b6582693d104d6dd0d05e9b3309805dfc9a9a94782860aab16b52298de263f;0.0;0.0;0;0;
0xaf9727db19690208db9df2c9ebfd0ef891cd30c1;0.34;0.0;1;0;0.34;0.0;0.34;0;0;0;0.0;0.0;0.0;0.0;0.0;0.0;;0.0;0.0;0;0;
0xbfcd6930452acf433c18ea26a1379e287680955d;0.0;0.0;2;1;20.61;20.61;0.0;15;15;0;0.0;0.0;0.0;0.0;0.0;0.0;;0.0;0.0;0;0;
0xd7b16a6b6b7072154f6c15039afa7c2740013a5e;0.0;0.0;2;1;11.4;11.4;0.0;11;11;0;0.0;0.0;0.0;0.0;0.0;0.0;;0.0;0.0;0;0;
0x278e8d7fc6e198fb1b0e891d41a48313825e4eaa;0.0;0.0;9;10;147.0;147.0;0.01;125;125;0;0.0;0.0;0.0;0.0;0.0;0.0;;0.0;0.0;0;0;
0xb74a7a36c694f2f08b037b873dfc1755230caa0c;0.04;0.0;2;1;5.04;5.0;0.04;5;5;0;0.0;0.0;0.0;0.0;0.0;0.0;;0.0;0.0;0;0;
0xffddde68c50afdad4e6b3dce6dd260ac2a5a7864;1.94;0.0;2;0;1.94;0.0;1.94;1;0;1;0.0;0.0;0.0;0.0;0.0;0.0;;0.0;0.0;0;0;
0x0605afb3a02b0b069d0caee84461b12300996e2d;0.0;0.0;1;2;5.0;5.0;0.0;0;0;0;0.0;0.0;0.0;0.0;0.0;0.0;;0.0;0.0;0;0;
0xbdf59d84e393cc0728409144512d2cd62c3278f3;0.0;-0.00054;1;1;0.99;0.99;0.0;0;0;0;1.0;0.99;0.01768;0.01822;0.0;0.0;0x7f83c9e1ec3c211c452533cc8ebc27573fc32060d61bfbdb93de2c9c3d685ca4, 0xd61bdfe701e5e41d713bff41f35dfc3b3a94b21a12ccea88a163f3fc391de358;0.0;0.0;0;0;
0xa0553e045fda77dbbe741ffd5b58ae7cefdab380;0.0;0.0;1;1;25.0;25.0;0.0;0;0;0;0.0;0.0;0.0;0.0;0.0;0.0;;0.0;0.0;0;0;
0xc7cb79afbff9a5972e37cd7467ac58a8cf8fc8d6;0.0;0.0;1;1;22.81;22.81;0.0;22;22;0;0.0;0.0;0.0;0.0;0.0;0.0;;0.0;0.0;0;0;
0x1dde7b19fa3150a06e3307341e9b8cc5e95122d4;0.0;0.1384;1;1;13.61;13.61;0.0;13;13;0;0.0;13.61;0.1384;0.0;0.0;0.0;0x3f2f9bd621ca16f7de1a3b4ed6363a950de14016445b0c554b889775aef531c6;0.0;0.0;0;0;
0x1380ea721778ffd9dc158024dbdda2308b22da07;0.0;0.3511;2;1;19.57;19.57;0.0;19;19;0;0.0;19.57;0.3511;0.0;0.0;0.0;0x8c8d77f4f4cf0e31d44b80ccf37fd56f1001842e5b4c72d3a84a73e11e2a5567;0.0;0.0;0;0;
0x9b6ec018323c6b368db5412e032119f50be7e4cd;0.0;0.0;1;1;2.0;2.0;0.0;0;0;0;0.0;0.0;0.0;0.0;0.0;0.0;;0.0;0.0;0;0;
0x2ee5fa95e44afac32ec3b6f73122b1918d541d9d;0.06;0.2053;4;1;15.06;15.0;0.06;15;15;0;0.0;15.0;0.2053;0.0;0.0;0.0;0x1bb1688fc374a5fcd4a35b1b717c549c3cfd73d359049e144f4fded9e9f4c69e;0.0;0.0;0;0;
0xa6c8af91049dfeeecac026e53fe9f5b049c40b49;1.27;0.0;1;0;1.27;0.0;1.27;1;0;1;0.0;0.0;0.0;0.0;0.0;0.0;;0.0;0.0;0;0;
0x555f92a8bdbbdb39b83b45e463ae79a5d29a127d;0.0;0.0;1;1;2.0;2.0;0.0;2;2;0;0.0;0.0;0.0;0.0;0.0;0.0;;0.0;0.0;0;0;
0xed12310d5a37326e6506209c4838146950166760;0.0;0.0;5;5;44.44;44.44;0.0;19;19;0;0.0;0.0;0.0;0.0;0.0;0.0;;0.0;0.0;0;0;
0x309e7bc93cb97e2316dea7bc1da28add857abc77;0.0;0.0;1;1;1.0;1.0;0.0;1;1;0;0.0;0.0;0.0;0.0;0.0;0.0;;0.0;0.0;0;0;
0xf395ec0dd6b0d0109659f199ba712e84c04cffff;0.0;0.0;2;2;11.21;11.21;0.0;10;10;0;0.0;0.0;0.0;0.0;0.0;0.0;;0.0;0.0;0;0;
0x36c3b70587a56ed5bad1eeffa6745274c521b067;0.0;0.0;1;1;2.0;2.0;0.0;2;2;0;0.0;0.0;0.0;0.0;0.0;0.0;;0.0;0.0;0;0;
0xd5009a069afaad2579cb15884426426aa7a21750;3.2;0.0;2;1;4.2;1.0;3.2;4;1;3;0.0;0.0;0.0;0.0;0.0;0.0;;0.0;0.0;0;0;
0x02b76f1851bb5f8fe5f86c64f7a94939ee4bc14f;1.0;0.0;1;0;1.0;0.0;1.0;1;0;1;0.0;0.0;0.0;0.0;0.0;0.0;;0.0;0.0;0;0;
0x0c3a6138b4e4e81bd387b7e4923b5da8838f355d;0.0;0.0;1;1;0.18;0.18;0.0;0;0;0;0.0;0.0;0.0;0.0;0.0;0.0;;0.0;0.0;0;0;
0x9cd9aefbd6d423f69f5c9caf2fa9972381012b09;0.0;0.0;3;2;90.0;90.0;0.0;0;0;0;0.0;0.0;0.0;0.0;0.0;0.0;;0.0;0.0;0;0;
0x073587790ae03769e38f221ce27475d213cc1cb6;0.0;0.0;2;1;7.11;7.11;0.0;7;7;0;0.0;0.0;0.0;0.0;0.0;0.0;;0.0;0.0;0;0;
0x68b4da6c2dfdc08f0609a7785a5412aab92df8d2;0.0;0.0;1;1;2.0;2.0;0.0;2;2;0;0.0;0.0;0.0;0.0;0.0;0.0;;0.0;0.0;0;0;
0xe37e799d5077682fa0a244d46e5649f71457bd09;0.0;0.0;1;1;100.0;100.0;0.0;100;100;0;0.0;0.0;0.0;0.0;0.0;0.0;;0.0;0.0;0;0;
0x85cae022ca79ae1186095ccf2cf0f48021c2690c;0.65;0.0;1;2;2.59;1.94;0.65;2;1;1;0.0;0.0;0.0;0.0;0.0;0.0;;0.0;0.0;0;0;
0x321fa3388b98215eed2cb67ab0181db760cad5d1;0.0;0.0;3;1;12.33;12.33;0.0;12;12;0;0.0;0.0;0.0;0.0;0.0;0.0;;0.0;0.0;0;0;
0x133844365a7411a231ca0baed2b0f119c5b3152f;0.0;0.0;1;1;10.0;10.0;0.0;0;0;0;0.0;0.0;0.0;0.0;0.0;0.0;;0.0;0.0;0;0;
0x9b228b4f71b3bc7e4b478251f218060d7b70dc25;2.0;0.0;1;1;9.0;7.0;2.0;9;7;2;0.0;0.0;0.0;0.0;0.0;0.0;;0.0;0.0;0;0;
0x7d9326d3b6a485e2d570158522eea103b8a31573;0.0;0.2348;2;1;20.0;20.0;0.0;0;0;0;0.0;20.0;0.2348;0.0;0.0;0.0;0x2cd7667ffd9f3d299c58797fc7cd6219a43052583086b281fa3deae7b3a5e00c;0.0;0.0;0;0;
0xeaef02dbf083bf8e7db204e41cbd989614a72d6a;0.0;0.009312;0;0;0.0;0.0;0.0;0;0;0;0.000112;1.0;0.009313;1.072e-06;0.0;0.0;0x69a90f042c9175c93d64b7f52815c604d5661fac20d0df9e86f8c7df32d142da, 0x567654aa2c4d913ba9af0bb6c409641c040649ce1a58961a0e7b5796e21f16bc;0.0;0.0;0;0;
0xade9e683cfa84d4c47d74de76afe8c4d7042eb2b;0.97;0.0;1;0;0.97;0.0;0.97;0;0;0;0.0;0.0;0.0;0.0;0.0;0.0;;0.0;0.0;0;0;
0x540dcae8b81d52d9336e30bbdddaab3bfcbfb075;5.0;0.0;2;1;20.0;15.0;5.0;0;0;0;0.0;0.0;0.0;0.0;0.0;0.0;;0.0;0.0;0;0;
0xe5aa55f38df108d531246c2c1e421a92324f30ee;0.0;0.0;5;1;21.09;21.09;0.0;21;21;0;0.0;0.0;0.0;0.0;0.0;0.0;;0.0;0.0;0;0;
0x0476ca3e0d7f14d12e77c1d3b2d10027abe6693d;0.0;0.06874;1;1;5.0;5.0;0.0;5;5;0;0.0;5.0;0.06874;0.0;0.0;0.0;0xa0fb51870795326badcfeaab3cf52b9b12b30360152cfba26b045ce7db4cb232;0.0;0.0;0;0;
0x608f641b55444d7197d636a5cb9053d1ce783bb0;0.0;0.0;6;1;23.15;23.15;0.0;23;23;0;0.0;0.0;0.0;0.0;0.0;0.0;;0.0;0.0;0;0;
0x902abfde086583067d2854e36fe1034ec9079bb8;0.0;0.0;1;1;14.61;14.61;0.0;14;14;0;0.0;0.0;0.0;0.0;0.0;0.0;;0.0;0.0;0;0;
0xf9c5d3d360f24a7e319bb27582b648aa8ef4f14f;0.0;0.0;2;1;48.93;48.93;0.0;48;48;0;0.0;0.0;0.0;0.0;0.0;0.0;;0.0;0.0;0;0;
0x275121b5734bdae3bd97da0fe37f47450656cb13;28.04;0.0;3;1;44.01;15.97;28.04;43;15;28;0.0;0.0;0.0;0.0;0.0;0.0;;0.0;0.0;0;0;
0xd267fda7ecbe322e64bf807de06e8e2284b72da9;0.0;0.08595;0;0;0.0;0.0;0.0;0;0;0;0.0;5.0;0.08595;0.0;0.0;0.0;0x80946788de6ae2e60b453fcfff9f36aee6544946796a13f81d71bc801d0ed90b;0.0;0.0;0;0;
0xb0e6575c4177898caff10376bc2f08c2c69a73be;0.63;0.0;1;0;0.63;0.0;0.63;0;0;0;0.0;0.0;0.0;0.0;0.0;0.0;;0.0;0.0;0;0;
0x61179491c136256cd76011a88549df8ecbf1f56d;0.12;0.0;1;0;0.12;0.0;0.12;0;0;0;0.0;0.0;0.0;0.0;0.0;0.0;;0.0;0.0;0;0;
0xdf0524b1f1a7e60928aad50b6687103065694277;0.0;0.0;5;1;44.92;44.92;0.0;44;44;0;0.0;0.0;0.0;0.0;0.0;0.0;;0.0;0.0;0;0;
0x68f17e63526091ed6bcbaa8dc50f9df58db5c308;0.0;0.0;1;1;1.1;1.1;0.0;1;1;0;0.0;0.0;0.0;0.0;0.0;0.0;;0.0;0.0;0;0;
0x45223e17c6efe2d9af98837ba6681da2c8e8d798;0.0;0.0;3;3;57.12;57.12;0.0;44;44;0;0.0;0.0;0.0;0.0;0.0;0.0;;0.0;0.0;0;0;
0xce836f1ace8ddab50b7cdcbd1f119429b55c59a4;0.0;0.0;1;1;0.47;0.47;0.0;0;0;0;0.0;0.0;0.0;0.0;0.0;0.0;;0.0;0.0;0;0;
0xb2d56e9bc10640afef23d65b3d4956f50a8f382f;0.0;0.0;2;1;2.55;2.55;0.0;2;2;0;0.0;0.0;0.0;0.0;0.0;0.0;;0.0;0.0;0;0;
0x4c4050ecdcc0a99648afb531a123c4dbf215d387;0.73;0.0;1;0;0.73;0.0;0.73;0;0;0;0.0;0.0;0.0;0.0;0.0;0.0;;0.0;0.0;0;0;
0xe086d858c555afae2da9e86c067794ba2046c339;0.0;0.0;1;1;2.04;2.04;0.0;2;2;0;0.0;0.0;0.0;0.0;0.0;0.0;;0.0;0.0;0;0;
0x53376bf366296a65095dde0949fe58ba77cdaba9;0.82;-0.007798;4;1;45.08;44.26;0.82;44;44;0;0.8207;0.0;0.0;0.007798;0.0;0.0;0xad561b7f1cf14f55e1507530fed2070f7ea79b4ed3e877675e188976784213dd;0.0;0.0;0;0;
0xe3269991257b2da048a0458161b1be0ea28d351c;0.0;0.0;1;1;1.0;1.0;0.0;1;1;0;0.0;0.0;0.0;0.0;0.0;0.0;;0.0;0.0;0;0;
0xeedf7a957666bc1a3da448e5a248c768a94a567b;0.98;-0.01846;1;0;0.98;0.0;0.98;0;0;0;0.9854;0.0;0.0;0.01846;0.0;0.0;0x3e12f1723a7b021501bbbe94e26841efdd4d59c7965451bc036a22ec0e8cabcd;0.0;0.0;0;0;
0x0c07a971acbba490a2e81f0d6796e4b7cf0efa5b;0.0;0.0;3;2;2.0;2.0;0.0;2;2;0;0.0;0.0;0.0;0.0;0.0;0.0;;0.0;0.0;0;0;
0x16fbe0b0f792d0bf0c7d95a0069cb1db0d643731;0.0;0.0;1;1;5.36;5.36;0.0;5;5;0;0.0;0.0;0.0;0.0;0.0;0.0;;0.0;0.0;0;0;
0x39542e41e10133af952f82b78c0c2971906dc8e7;0.0;0.0;2;1;2.61;2.61;0.0;2;2;0;0.0;0.0;0.0;0.0;0.0;0.0;;0.0;0.0;0;0;
0x5bbefaccc1a8e1ecb0d470f941668562eeb46ff0;0.42;0.0;1;0;0.42;0.0;0.42;0;0;0;0.0;0.0;0.0;0.0;0.0;0.0;;0.0;0.0;0;0;
0xc73ea170ef252c964f06283a2c67635842a035c3;0.0;0.0;1;1;3.69;3.69;0.0;3;3;0;0.0;0.0;0.0;0.0;0.0;0.0;;0.0;0.0;0;0;
0xc4c9d0736a6bce30ca919264b73ad1be533ffd29;0.0;0.0;1;1;4.0;4.0;0.0;4;4;0;0.0;0.0;0.0;0.0;0.0;0.0;;0.0;0.0;0;0;
0x06bdcd704b60c51b609fb1cf6bc357cc462ac38a;0.84;0.0;1;0;0.84;0.0;0.84;0;0;0;0.0;0.0;0.0;0.0;0.0;0.0;;0.0;0.0;0;0;
0x0e241bb8df0d354d1e9a97df499f0e2540a81129;0.99;0.0;1;0;0.99;0.0;0.99;0;0;0;0.0;0.0;0.0;0.0;0.0;0.0;;0.0;0.0;0;0;
0x03da6b5a21e3f3bf9c508ae7e97510887e1aeabb;10.98;-0.01154;2;1;40.98;30.0;10.98;0;0;0;0.9864;0.0;0.0;0.01154;0.0;0.0;0x5a11ca7b66b3ad9930f374dbb17cddfb01d88834e2926f22cb8626252da786e9;0.0;0.0;0;0;
0x1c4e90fc8bdade442aed58f8011db5a17a2e7199;0.0;0.0;2;1;10.0;10.0;0.0;10;10;0;0.0;0.0;0.0;0.0;0.0;0.0;;0.0;0.0;0;0;
0x393e408ec32d4493817b39f91f5a0b16e3f248a9;0.0;0.2148;4;1;22.91;22.91;0.0;22;22;0;0.0;22.91;0.2148;0.0;0.0;0.0;0xa6ab5e0d2d6782ebec3ef5c2115e14804018490277643708dbaf93d0e0966c75;0.0;0.0;0;0;
0x39a0006ae6b25b7daf0206dbf03cf488017bb4f6;3.0;0.0;2;1;5.0;2.0;3.0;5;2;3;0.0;0.0;0.0;0.0;0.0;0.0;;0.0;0.0;0;0;
0xdd4d5a5bbbec277d2e13913968cecdcfcc617cd0;0.0;0.0;1;1;2.02;2.02;0.0;2;2;0;0.0;0.0;0.0;0.0;0.0;0.0;;0.0;0.0;0;0;
0x7109faeb55c207ab78963d103db5585a43fa14dc;1.0;0.0;1;0;1.0;0.0;1.0;1;0;1;0.0;0.0;0.0;0.0;0.0;0.0;;0.0;0.0;0;0;
0xc7a717e0bfb4c24b57e6edf1507fb802fd4eb281;1.0;0.0;1;0;1.0;0.0;1.0;1;0;1;0.0;0.0;0.0;0.0;0.0;0.0;;0.0;0.0;0;0;
0x7f12698edb37f3647ece93b99db0a0e95282f837;1.0;0.0;1;0;1.0;0.0;1.0;1;0;1;0.0;0.0;0.0;0.0;0.0;0.0;;0.0;0.0;0;0;
0x5ab2d1f5069dd2f9aeec3b0a8e923b1cdbe7fc44;0.0;0.009439;2;2;2.0;2.0;0.0;2;2;0;0.0;1.0;0.009439;0.0;0.0;0.0;0x5006825923793dc2c4dabfdd1ced2b1cfb59e1d48603d2e6c49ff15dd5e903de;0.0;0.0;0;0;
0xe98a3daae94513ebfd4b5cce8a7850c59bbac02a;0.0;0.0;2;1;1.72;1.72;0.0;1;1;0;0.0;0.0;0.0;0.0;0.0;0.0;;0.0;0.0;0;0;
0xaf1c291ebb81714024c3ef82cfa394c79de1a789;0.0;0.0;1;1;4.91;4.91;0.0;4;4;0;0.0;0.0;0.0;0.0;0.0;0.0;;0.0;0.0;0;0;
0x5ad76d03973b089e9ed3bd94574a5da245820307;0.0;0.1243;2;1;10.92;10.92;0.0;10;10;0;0.0;10.92;0.1243;0.0;0.0;0.0;0x6674559ab86db5036923d21e5d2beaf33d03a4df3a7669b6f2b3c375be4f97aa;0.0;0.0;0;0;
0x258cf6ae542679200079eb14f9f1543e20b3d848;0.0;0.0;1;1;24.81;24.81;0.0;24;24;0;0.0;0.0;0.0;0.0;0.0;0.0;;0.0;0.0;0;0;
0x7580ac404bb7f012eef1d58c132cee5a0371fa32;0.0;0.0;4;4;93.08;93.08;0.0;57;57;0;0.0;0.0;0.0;0.0;0.0;0.0;;0.0;0.0;0;0;
0x258d720126bfe54687d23b9ae396863e0195e9aa;1.29;0.0;1;0;1.29;0.0;1.29;1;0;1;0.0;0.0;0.0;0.0;0.0;0.0;;0.0;0.0;0;0;
0xef9bbc9302848f6ff522552aa79e190e37b4bc3f;0.0;0.0;2;1;6.96;6.96;0.0;6;6;0;0.0;0.0;0.0;0.0;0.0;0.0;;0.0;0.0;0;0;
0x7bc3b1236358d4cacd65a5160ae6f07b994b1822;0.0;0.0;2;1;2.04;2.04;0.0;2;2;0;0.0;0.0;0.0;0.0;0.0;0.0;;0.0;0.0;0;0;
0xd747d424325096ca359795d8371aae0ea75d2ffd;0.0;0.001903;1;1;0.14;0.14;0.0;0;0;0;0.0;0.14;0.001903;0.0;0.0;0.0;0x72dc0098854938bf325a2e3f98cb3cf8a965ba097aa8864ddc840c96ccbe7765;0.0;0.0;0;0;
0x0a3b65ffc42237179c5afae1392882aa67a56cdc;0.0;0.1231;1;1;10.0;10.0;0.0;10;10;0;0.0;10.0;0.1231;0.0;0.0;0.0;0xe2c230b18a0776a72156a87ea0bba1c0972c9b3315ced3c04206e6f8d00fee72;0.0;0.0;0;0;
0xdf3a9f55704e4deddf0108b17e0078d05dabc7a3;0.25;0.0;1;1;28.25;28.0;0.25;28;28;0;0.0;0.0;0.0;0.0;0.0;0.0;;0.0;0.0;0;0;
0x1d97c0bb5dc445cdf3ae37827beefe79963dd5bc;0.0;0.0;2;1;25.0;25.0;0.0;10;10;0;0.0;0.0;0.0;0.0;0.0;0.0;;0.0;0.0;0;0;
0x1c134fde47d09f78dfe8f61a22c03cb2da68e904;0.78;-0.01;2;1;2.78;2.0;0.78;0;0;0;0.7886;0.0;0.0;0.01;0.0;0.0;0xd8578a39505fec114bec105e6ad85bb346d2c5ab54306dbd5b55f230260d5690;0.0;0.0;0;0;
0x5b6b5d0cfbe56b81d76cd76d16f24c2845fe1a60;0.0;0.0;1;1;1.0;1.0;0.0;1;1;0;0.0;0.0;0.0;0.0;0.0;0.0;;0.0;0.0;0;0;
0x9155bb1d5b63f924f399995f31f9c73f0a64e227;1.5;0.0;1;0;1.5;0.0;1.5;1;0;1;0.0;0.0;0.0;0.0;0.0;0.0;;0.0;0.0;0;0;
0x2a01f5ceed572c8d247e970e5b159c73c823e44f;0.0;0.0;2;1;4.64;4.64;0.0;4;4;0;0.0;0.0;0.0;0.0;0.0;0.0;;0.0;0.0;0;0;
0x68b3465833fb72a70ecdf485e0e4c7bd8665fc45;0.0;0.0;2;2;1.68;1.68;0.0;0;0;0;0.0;0.0;0.0;0.0;0.0;0.0;;0.0;0.0;0;0;
0xba16a8b85eb9a19e286181c2a97f8a807e1b026d;10.0;0.0;1;0;10.0;0.0;10.0;0;0;0;0.0;0.0;0.0;0.0;0.0;0.0;;0.0;0.0;0;0;
0xa701d95b3f158dc9242446df74bdebef945c3bf5;0.0;0.0;1;1;5.68;5.68;0.0;5;5;0;0.0;0.0;0.0;0.0;0.0;0.0;;0.0;0.0;0;0;
0xa752eea12f7ecaa7674363255e5e7f0b083a515c;0.0;0.0;4;1;8.52;8.52;0.0;8;8;0;0.0;0.0;0.0;0.0;0.0;0.0;;0.0;0.0;0;0;
0x40888ba9a1d0874b8e790cb8f73464afac36b602;0.0;0.0;2;1;80.95;80.95;0.0;80;80;0;0.0;0.0;0.0;0.0;0.0;0.0;;0.0;0.0;0;0;
0x75ebdda88b3cf109dcff8176ce2c8f7c82a3a142;2.84;0.0;1;0;2.84;0.0;2.84;2;0;2;0.0;0.0;0.0;0.0;0.0;0.0;;0.0;0.0;0;0;
0x28a34572a25430a64836070cf681fdaa99590412;0.01;0.0;1;1;4.25;4.24;0.01;4;4;0;0.0;0.0;0.0;0.0;0.0;0.0;;0.0;0.0;0;0;
0x405f59fd5181dbc3ef87bc496823215bb759d019;10.32;0.0;1;0;10.32;0.0;10.32;10;0;10;0.0;0.0;0.0;0.0;0.0;0.0;;0.0;0.0;0;0;
0x647bbd41441d537accb5b75d538e6440796bf950;3.0;0.0;1;0;3.0;0.0;3.0;3;0;3;0.0;0.0;0.0;0.0;0.0;0.0;;0.0;0.0;0;0;
0xf40a2d257ca5d5072763db29fc089292c9176577;0.0;0.0;1;1;2.18;2.18;0.0;2;2;0;0.0;0.0;0.0;0.0;0.0;0.0;;0.0;0.0;0;0;
0x54ede17f99333072bf5334db1dd91d8b01f72167;0.79;0.0;1;0;0.79;0.0;0.79;0;0;0;0.0;0.0;0.0;0.0;0.0;0.0;;0.0;0.0;0;0;
0xbeaf3936b36bb2692065372816da3c58a693f9c2;0.0;0.0;1;2;6.78;6.78;0.0;6;6;0;0.0;0.0;0.0;0.0;0.0;0.0;;0.0;0.0;0;0;
0x151868435dc9a8536e8cd0122c2978bb9cce73a1;0.0;0.03726;3;1;3.0;3.0;0.0;0;0;0;0.0;3.0;0.03726;0.0;0.0;0.0;0x0565cd3c3a04c451bbe729e06d206321ab1fb13dbb1d73a4baeebd0f9e1a9a04;0.0;0.0;0;0;
0x1f5ce57481c7886aa0b0395f161b5f78dc5c8348;0.0;0.1429;1;1;11.67;11.67;0.0;11;11;0;0.0;11.67;0.1429;0.0;0.0;0.0;0x74f553d51225d94b4f266decb7b9d26d5de913bbc65d1d1e3e805bf49d86b16e;0.0;0.0;0;0;
0xa58a99d6f742d8ac0c99790d22d363aab164d626;0.52;0.0;2;1;24.52;24.0;0.52;24;24;0;0.0;0.0;0.0;0.0;0.0;0.0;;0.0;0.0;0;0;
0x847a253ba385dc933df72e6d8dc2a5ce81d0567d;0.0;0.0;1;1;1.0;1.0;0.0;1;1;0;0.0;0.0;0.0;0.0;0.0;0.0;;0.0;0.0;0;0;
0xa086c3bbf195aa18bee2805d568072b8af58fbd6;0.01;0.0;1;1;1.32;1.31;0.01;1;1;0;0.0;0.0;0.0;0.0;0.0;0.0;;0.0;0.0;0;0;
0x29426c99dd2c538232b359016f9592d98ad7594c;0.0;0.0;1;1;1.0;1.0;0.0;0;0;0;0.0;0.0;0.0;0.0;0.0;0.0;;0.0;0.0;0;0;
0x357807badbb58b145726179d4b584bdfb330903e;0.01;0.0;4;2;9.2;9.19;0.01;8;8;0;0.0;0.0;0.0;0.0;0.0;0.0;;0.0;0.0;0;0;
0xd4f859545480963b1ea70fa3b3d877b2f5f668fe;0.98;-0.01808;1;0;0.98;0.0;0.98;0;0;0;0.9852;0.0;0.0;0.01808;0.0;0.0;0x9d1ced0f57dfcbeda8a20a5a05b0130343a4fffa0cff7500322bb74730c7fe1e;0.0;0.0;0;0;
0xbd909b92e28d15c4322c2435acfecc1bf700307f;1.6;0.0;1;0;1.6;0.0;1.6;1;0;1;0.0;0.0;0.0;0.0;0.0;0.0;;0.0;0.0;0;0;
0xbfc9ca1c434ab19e5f75acd2d603dc0621ef64e2;2.0;0.0;1;0;2.0;0.0;2.0;2;0;2;0.0;0.0;0.0;0.0;0.0;0.0;;0.0;0.0;0;0;
0xdc02c6c84e311adfb32a88cda312e97a5c029ad6;0.0;0.07557;1;1;7.92;7.92;0.0;7;7;0;0.0;7.92;0.07557;0.0;0.0;0.0;0x458a6c7d4ac2470475da1ae47ac6e58f5a5fd16dc865377d36a15d465c56111b;0.0;0.0;0;0;
0x698d587599dde01f1506b23dc26b67f410fe43fa;0.0;0.0;1;1;2.0;2.0;0.0;2;2;0;0.0;0.0;0.0;0.0;0.0;0.0;;0.0;0.0;0;0;
0xd1059147f350d55a24845d55215c55acae08b3cf;0.0;0.0;1;1;1.97;1.97;0.0;1;1;0;0.0;0.0;0.0;0.0;0.0;0.0;;0.0;0.0;0;0;
0x42b89b1e903d3041d247566b3c1d62a4113c8140;0.0;0.0;1;1;20.0;20.0;0.0;0;0;0;0.0;0.0;0.0;0.0;0.0;0.0;;0.0;0.0;0;0;
0xadba5ea1525c5ae27a0f98408c8e5d67e28c754c;0.0;0.0;6;1;10.24;10.24;0.0;10;10;0;0.0;0.0;0.0;0.0;0.0;0.0;;0.0;0.0;0;0;
0x9f628121bd14ccde0937c151a0e5ce9f4bb407ac;0.0;0.0;2;1;7.0;7.0;0.0;7;7;0;0.0;0.0;0.0;0.0;0.0;0.0;;0.0;0.0;0;0;
0x0a6006722ea5838033d64f3a2cdddd8d88d34275;8.0;0.0;2;0;8.0;0.0;8.0;8;0;8;0.0;0.0;0.0;0.0;0.0;0.0;;0.0;0.0;0;0;
0x89621be2882409fe77c292b28dde0e8872394510;0.0;0.007168;5;6;325.8;325.8;0.0;75;75;0;0.0;0.77;0.007168;0.0;0.0;0.0;0x694e7341d950ce924a6ea538ec9624cf09ee0cafc92a43c9f9034d19cc152542;0.0;0.0;0;0;
0xae1d9e7ce74ba854945e8a6c5f0476ef413a28be;0.4;0.0;4;6;121.8;121.4;0.41;121;121;0;0.0;0.0;0.0;0.0;0.0;0.0;;0.0;0.0;0;0;
0x2f60949c85f11fad25b8f69bae659b7f36f31a76;20.0;0.0;1;0;20.0;0.0;20.0;20;0;20;0.0;0.0;0.0;0.0;0.0;0.0;;0.0;0.0;0;0;
0xfc6e4c4895d2b8fbc28f6d11d1db133e2c8f7da8;0.0;0.0;4;3;82.0;82.0;0.0;57;57;0;0.0;0.0;0.0;0.0;0.0;0.0;;0.0;0.0;0;0;
0x41168480c9b6051dcfcd9c91f78562f7f678255d;0.0;0.0;1;1;7.0;7.0;0.0;7;7;0;0.0;0.0;0.0;0.0;0.0;0.0;;0.0;0.0;0;0;
0x717821aae2a45c5c5c5bcda7a8662cd3df2385e5;0.0;0.0;2;1;8.95;8.95;0.0;8;8;0;0.0;0.0;0.0;0.0;0.0;0.0;;0.0;0.0;0;0;
0x1c8feaed080d760093511a2aafa55230ca036529;0.0;0.0;2;1;10.89;10.89;0.0;10;10;0;0.0;0.0;0.0;0.0;0.0;0.0;;0.0;0.0;0;0;
0xb69b447b1d8ee16e28b251489c4607a0e186ac49;0.69;0.0;1;0;0.69;0.0;0.69;0;0;0;0.0;0.0;0.0;0.0;0.0;0.0;;0.0;0.0;0;0;
0xe7fb0c4cd91fbe5fb962b54de63e360095032a9c;0.0;0.0;1;3;20.0;20.0;0.0;0;0;0;0.0;0.0;0.0;0.0;0.0;0.0;;0.0;0.0;0;0;
0x4b58145d1f0d16985ba42b1066a60c26014e85bb;0.0;0.0;2;1;1.32;1.32;0.0;1;1;0;0.0;0.0;0.0;0.0;0.0;0.0;;0.0;0.0;0;0;
0x4ada23a97451e0b43444abe15a2ea50a3e6110f9;0.01;0.0;4;2;7.87;7.86;0.01;7;7;0;0.0;0.0;0.0;0.0;0.0;0.0;;0.0;0.0;0;0;
0x2ec01bd2d99f8c413f983c8531477cc31e0f9d6c;0.0;0.0;3;1;25.46;25.46;0.0;25;25;0;0.0;0.0;0.0;0.0;0.0;0.0;;0.0;0.0;0;0;
0x5cc4752d6494b1425669a0909578212d813e5f7b;0.0;0.0;3;1;2.25;2.25;0.0;2;2;0;0.0;0.0;0.0;0.0;0.0;0.0;;0.0;0.0;0;0;
0xdd5c62e4ed79c5953c345cadb7e66ff413f5e1bf;0.0;0.1705;1;1;14.18;14.18;0.0;14;14;0;0.0;14.18;0.1705;0.0;0.0;0.0;0xf901eb4e3e26bb00cc0d6e1ba19ba823a0c1f3b4f175d80121c90f18063f8f9c;0.0;0.0;0;0;
0xa946c445bf7f1675309fcd3a968da4da4e3a107a;0.0;0.0;3;1;89.14;89.14;0.0;19;19;0;0.0;0.0;0.0;0.0;0.0;0.0;;0.0;0.0;0;0;
0x6830c5a4f1a1023d5e9bafeb221cebc9eb6f8ed6;0.0;0.03534;1;1;2.0;2.0;0.0;2;2;0;0.0;2.0;0.03534;0.0;0.0;0.0;0xd4f0c1106d4da7c15a18ed1f2897983e4fabf6409a44449807b8b31924d0cc75;0.0;0.0;0;0;
0x9a49ba10dc92c3dfd00235c67400de818ad69cbf;0.0;-0.00279;1;1;0.8;0.8;0.0;0;0;0;0.8;0.8;0.00744;0.01023;0.0;0.0;0x266f12c6550dfc2fc0582c5ad622bc481fb7e1cddea737b4d0c5b079ec510366, 0x1b4d3f4b9dd7528898f89beaa72d99ee998897c2a2d5cf6998414205ed4e8250;0.0;0.0;0;0;
0xc90534aedb9dcc17205060ec287baa576867281f;0.0;0.0;7;4;48.84;48.84;0.0;38;38;0;0.0;0.0;0.0;0.0;0.0;0.0;;0.0;0.0;0;0;
0x2ea32f87107e50a168ea0834bc92501226e1279f;0.0;0.0;1;1;1.0;1.0;0.0;1;1;0;0.0;0.0;0.0;0.0;0.0;0.0;;0.0;0.0;0;0;
0x5bd57849c65411136c6b0847231a365baf483893;0.0;0.0;1;1;1.96;1.96;0.0;1;1;0;0.0;0.0;0.0;0.0;0.0;0.0;;0.0;0.0;0;0;
0xfd8c7ad05ee2b9bb10a6a044abc5d1fa4d96c3f7;20.0;0.0;1;0;20.0;0.0;20.0;20;0;20;0.0;0.0;0.0;0.0;0.0;0.0;;0.0;0.0;0;0;
0xf102be8dbb4b15705c8c199f6852c6a39d794b12;0.0;0.0;2;1;2.2;2.2;0.0;2;2;0;0.0;0.0;0.0;0.0;0.0;0.0;;0.0;0.0;0;0;
0x1f955d56bfdc4eb4e97a865173065dd1f9fd29aa;0.79;-0.01385;6;1;73.79;73.0;0.79;73;73;0;0.79;0.0;0.0;0.01385;0.0;0.0;0xb4ad4c291e492f7b8510cb6b23118484a0cabb1f50b374f5335f8a3cd6438686;0.0;0.0;0;0;
0x9af8a230c1d527460392ecc79a024d242907ac88;0.0;0.0;1;1;36.34;36.34;0.0;36;36;0;0.0;0.0;0.0;0.0;0.0;0.0;;0.0;0.0;0;0;
0xdda66ad0ff2986686c35197cf8273f8c9245f536;0.0;0.0;3;3;50.0;50.0;0.0;0;0;0;0.0;0.0;0.0;0.0;0.0;0.0;;0.0;0.0;0;0;
0x8a95d0efbb0052638fe7f30eeef621045ac2f5b2;0.0;0.0;1;1;0.49;0.49;0.0;0;0;0;0.0;0.0;0.0;0.0;0.0;0.0;;0.0;0.0;0;0;
0x0fb806feb5fd356aeb6a31e22627afcef091c87e;9.87;0.0;1;0;9.87;0.0;9.87;9;0;9;0.0;0.0;0.0;0.0;0.0;0.0;;0.0;0.0;0;0;
0x6e0d262ce9c6905cc9d75c05cfb5abf37b7aaf63;0.09;0.0;2;2;6.31;6.22;0.09;6;6;0;0.0;0.0;0.0;0.0;0.0;0.0;;0.0;0.0;0;0;
0x5d7d892511191f2d7da0aa32aaccbac8b9d2c181;0.98;-0.0181;1;0;0.98;0.0;0.98;0;0;0;0.9852;0.0;0.0;0.0181;0.0;0.0;0x05e8a7c993fff773832b7b1c6613ee18e1077ffd69578481051ef49105311939;0.0;0.0;0;0;
0xb6f30f6fff1fbc6597c6e32a8865b1bccfe84c5d;0.0;0.0;3;1;12.81;12.81;0.0;12;12;0;0.0;0.0;0.0;0.0;0.0;0.0;;0.0;0.0;0;0;
0x5f9d7cef3e9298de2e91ff0cb486ce2c7ffc5144;0.0;0.0;1;1;0.99;0.99;0.0;0;0;0;0.0;0.0;0.0;0.0;0.0;0.0;;0.0;0.0;0;0;
0xe5964fd10170c8291cf97552284d995a006e67ae;0.0;0.0;1;1;15.0;15.0;0.0;15;15;0;0.0;0.0;0.0;0.0;0.0;0.0;;0.0;0.0;0;0;
0xe9ca5757aa58e3f852d8d6c20581fc4c39769549;0.0;0.0507;2;1;5.44;5.44;0.0;5;5;0;0.0;5.44;0.0507;0.0;0.0;0.0;0xc5954ba1fd6ede0ccd8ced5e00f9d19dad1e09b59a64e6916af445dbc6d7d5ef;0.0;0.0;0;0;
0xc425b8994eb8b5b607246f01df9d7dc81ecd4fba;0.0;0.0;1;1;2.0;2.0;0.0;2;2;0;0.0;0.0;0.0;0.0;0.0;0.0;;0.0;0.0;0;0;
0x7a4abed70366d19f1e1db8e95ad71de7d299f4fd;0.0;0.0;1;1;5.44;5.44;0.0;5;5;0;0.0;0.0;0.0;0.0;0.0;0.0;;0.0;0.0;0;0;
0x97ddfff80b561e37d43c808c258ff79b001b5c26;3.0;0.0;1;0;3.0;0.0;3.0;3;0;3;0.0;0.0;0.0;0.0;0.0;0.0;;0.0;0.0;0;0;
0x32d2d07691c806916e4b00454975f4913e9f5028;0.0;0.0;2;1;71.89;71.89;0.0;71;71;0;0.0;0.0;0.0;0.0;0.0;0.0;;0.0;0.0;0;0;
0x9d763a065413ebdd43c048f67a6f5ab6ccba3001;4.09;0.0;1;0;4.09;0.0;4.09;4;0;4;0.0;0.0;0.0;0.0;0.0;0.0;;0.0;0.0;0;0;
0x327e61545a3437e71ca7d85cf603f5738b14a74f;5659.0;0.0;780;1097;20450.0;14780.0;5673.0;7078;4556;2522;0.0;0.0;0.0;0.0;0.0;0.0;;0.0;0.0;0;0;
0x0b7c57a13b1fcf185cbdf40382c721429b4352f0;0.0;0.0;6;4;110.0;110.0;0.0;85;85;0;0.0;0.0;0.0;0.0;0.0;0.0;;0.0;0.0;0;0;
0xc24562d848d5fb6b3cc7876185668c0fc464bb27;0.0;0.0;1;1;1.19;1.19;0.0;1;1;0;0.0;0.0;0.0;0.0;0.0;0.0;;0.0;0.0;0;0;
0x07b82a84edd794b3bf3f51caaa7f0f5041dab9ac;0.0;0.0;1;1;2.0;2.0;0.0;0;0;0;0.0;0.0;0.0;0.0;0.0;0.0;;0.0;0.0;0;0;
0x2bf59f59ea3b190f9b27c6aaa000d08fac495ad7;0.0;0.06068;1;1;6.0;6.0;0.0;6;6;0;0.0;6.0;0.06068;0.0;0.0;0.0;0x2c30ea6a2a17877e902c6cf6ab25c0290646e06cc1538dc696cfbdc8c6e53fab;0.0;0.0;0;0;
0x7e3f8a5eb16b8a11e7de6732bfeab8e9ae187f38;0.0;0.0;3;2;90.0;90.0;0.0;30;30;0;0.0;0.0;0.0;0.0;0.0;0.0;;0.0;0.0;0;0;
0xa7d4cbe093393dbb280a16189fa2260443af1b0f;0.23;0.0;2;1;16.23;16.0;0.23;6;6;0;0.0;0.0;0.0;0.0;0.0;0.0;;0.0;0.0;0;0;
0x2dfb3ea12147b255ece21c41e33f142fe7ddc813;1.0;0.0;1;0;1.0;0.0;1.0;1;0;1;0.0;0.0;0.0;0.0;0.0;0.0;;0.0;0.0;0;0;
0x6227fe0ba15456885d1d765533ab5504f24f0815;3.87;0.0;3;0;3.87;0.0;3.87;0;0;0;0.0;0.0;0.0;0.0;0.0;0.0;;0.0;0.0;0;0;
0x62b7f5f4e520276b2882cc7241982fa1eef2e5bf;0.0;0.0;3;1;20.78;20.78;0.0;20;20;0;0.0;0.0;0.0;0.0;0.0;0.0;;0.0;0.0;0;0;
0xbd6c0ea01b72a334d9d35a2c10e9724ca610d6fa;0.0;0.0;1;1;12.42;12.42;0.0;12;12;0;0.0;0.0;0.0;0.0;0.0;0.0;;0.0;0.0;0;0;
0xce3bef7cc450f5b0c3bc3fb803af5e324fe381d1;0.0;0.0;1;1;0.52;0.52;0.0;0;0;0;0.0;0.0;0.0;0.0;0.0;0.0;;0.0;0.0;0;0;
0xc7faf82629d6b351e788612d829012cd38b955c6;0.0;0.0;2;1;2.0;2.0;0.0;0;0;0;0.0;0.0;0.0;0.0;0.0;0.0;;0.0;0.0;0;0;
0xca0803ecb33cb44f10ccf43471226b03b44c35c3;0.0;0.0;1;1;35.84;35.84;0.0;35;35;0;0.0;0.0;0.0;0.0;0.0;0.0;;0.0;0.0;0;0;
0x31ed6e4953855be38c6ee08a552d813e51927cbc;0.0;0.0;2;1;8.12;8.12;0.0;8;8;0;0.0;0.0;0.0;0.0;0.0;0.0;;0.0;0.0;0;0;
0x3550b2c5cba617e9e26199e69abc46b185d045bd;0.0;0.0;4;2;3.01;3.01;0.0;3;3;0;0.0;0.0;0.0;0.0;0.0;0.0;;0.0;0.0;0;0;
0x0689729cbd82da5d67277011e865025f8bcd621c;0.0;0.03256;1;1;2.59;2.59;0.0;2;2;0;0.0;2.59;0.03256;0.0;0.0;0.0;0x2457ae3f7d250c2bac86dad5b34ffda74d4c94bbd40ab960e37cea0173c5c1dc;0.0;0.0;0;0;
0x64b416ee21450a8aec6c216d527d2448928314ca;0.0;0.0;3;4;150.0;150.0;0.0;50;50;0;0.0;0.0;0.0;0.0;0.0;0.0;;0.0;0.0;0;0;
0x2e75332e7eb55056017dbcdee206601cab372eec;0.0;0.0;1;1;20.0;20.0;0.0;20;20;0;0.0;0.0;0.0;0.0;0.0;0.0;;0.0;0.0;0;0;
0xac47599472e93b4c40489d583b4c62ab32f38783;2.02;0.0;1;0;2.02;0.0;2.02;2;0;2;0.0;0.0;0.0;0.0;0.0;0.0;;0.0;0.0;0;0;
0x3448ec6462804aec79561a8b379399141e22a734;0.0;0.01199;1;2;2.0;2.0;0.0;0;0;0;0.0;1.0;0.01199;0.0;0.0;0.0;0x5519609c929b2aa98d2881a90a635d3d2a9ff9327df81bf91f64355e723e52c5;0.0;0.0;0;0;
0x88d0c82fbf8ad1c4f84d610da6aa209ea882a5c7;0.0;0.0;3;2;102.0;102.0;0.0;102;102;0;0.0;0.0;0.0;0.0;0.0;0.0;;0.0;0.0;0;0;
0x9d9de0f6410a89c5334d5221b4f2104ac87f16c0;0.0;0.1459;1;1;12.0;12.0;0.0;12;12;0;0.0;12.0;0.1459;0.0;0.0;0.0;0x0edb11517ce8ae3ffbc1ebf43e0bf6161ca90a0e28b60d44d156ced66ce966f5;0.0;0.0;0;0;
0x062186210706ea58f72d3c3130392bcd38280206;0.0;0.0;1;1;23.0;23.0;0.0;0;0;0;0.0;0.0;0.0;0.0;0.0;0.0;;0.0;0.0;0;0;
0x8e877ae5f4b084f98ff66aaf530fd45f8c22cf42;0.0;0.0;1;1;2.0;2.0;0.0;0;0;0;0.0;0.0;0.0;0.0;0.0;0.0;;0.0;0.0;0;0;
0x4ec2dcdfb3c165da62dd1367cb42fe7551524984;0.0;0.0;2;2;20.0;20.0;0.0;20;20;0;0.0;0.0;0.0;0.0;0.0;0.0;;0.0;0.0;0;0;
0xf2be94db73f895ad5a1d32964e0711404a807a94;0.0;0.0;1;1;3.09;3.09;0.0;3;3;0;0.0;0.0;0.0;0.0;0.0;0.0;;0.0;0.0;0;0;
0x4f82e73edb06d29ff62c91ec8f5ff06571bdeb29;4.82;0.0;1;0;4.82;0.0;4.82;4;0;4;0.0;0.0;0.0;0.0;0.0;0.0;;0.0;0.0;0;0;
0xd6a239eb85812acf5f2d2d761fada3473c77adbf;0.96;-0.0118;4;1;41.91;40.95;0.96;40;40;0;0.9648;0.0;0.0;0.0118;0.0;0.0;0x3afa7fbe4f3875ae7324881231061e999ce1ee0da2a3f1d52f474ff0dbb86007;0.0;0.0;0;0;
0x6310ae27e35d2d850ee1913e0447c0cc85eb1cdf;0.0;0.0;1;1;2.12;2.12;0.0;2;2;0;0.0;0.0;0.0;0.0;0.0;0.0;;0.0;0.0;0;0;
0xf1a51b0c10a46ad8308f690947801691eae15fc2;0.0;0.01198;1;1;1.0;1.0;0.0;1;1;0;0.0;1.0;0.01198;0.0;0.0;0.0;0x8670033273eeddb51e41c8a5d4b0a28e66c5db1bcd35f086c49cfc40d1c038b3;0.0;0.0;0;0;
0x8c1a46baa20c43b7787f7a33956f64a6b58d0113;0.0;0.0;1;1;5.55;5.55;0.0;5;5;0;0.0;0.0;0.0;0.0;0.0;0.0;;0.0;0.0;0;0;
0xee0e9b19cfefd5caee979725df58e420674f9791;0.0;0.0;2;1;2.49;2.49;0.0;2;2;0;0.0;0.0;0.0;0.0;0.0;0.0;;0.0;0.0;0;0;
0x2a8cd414ec33108b67f3eb45eed9e701fbb1e6bb;0.27;0.0;1;0;0.27;0.0;0.27;0;0;0;0.0;0.0;0.0;0.0;0.0;0.0;;0.0;0.0;0;0;
0xafd0107264ea9717772287fd29d59e08572b6bad;0.0;0.0;1;1;8.0;8.0;0.0;0;0;0;0.0;0.0;0.0;0.0;0.0;0.0;;0.0;0.0;0;0;
0x84694f4bff6448a561775077403aec92ab4080a1;0.0;0.08986;1;1;9.3;9.3;0.0;9;9;0;0.0;9.3;0.08986;0.0;0.0;0.0;0x3a6ae02d5f329ec67a574a4b5a0a9d745fcb41353fb67ab760b88cae7aba417e;0.0;0.0;0;0;
0x7c047d1d380e09bba4d6e9649b46c6a64b738a33;0.0;0.0;2;1;30.0;30.0;0.0;0;0;0;0.0;0.0;0.0;0.0;0.0;0.0;;0.0;0.0;0;0;
0xc28064b875ae25f9a2ca28c08f116a5c26229f69;1.0;0.0;1;0;1.0;0.0;1.0;1;0;1;0.0;0.0;0.0;0.0;0.0;0.0;;0.0;0.0;0;0;
0x4d5b6f9581d16841ffe2b3f108621fc25bb1035b;0.64;0.0;4;3;98.64;98.0;0.64;98;98;0;0.0;0.0;0.0;0.0;0.0;0.0;;0.0;0.0;0;0;
0x94aa5849ed857f495a7bea1f493e2728c2c46ea2;0.0;0.0;1;2;200.0;200.0;0.0;0;0;0;0.0;0.0;0.0;0.0;0.0;0.0;;0.0;0.0;0;0;
0xf71ee4381a1fba435474b0cfc51c7e5d664a678d;0.0;0.03039;1;3;10.0;10.0;0.0;0;0;0;0.0;3.0;0.03039;0.0;0.0;0.0;0xc0db86adb0223e5986f1feb4f1297f083155d146351570775352de16daa0b686;0.0;0.0;0;0;
0x4ed4760a09e9adf799528ce457ae5c8876594da5;0.0;0.06059;1;1;5.0;5.0;0.0;5;5;0;0.0;5.0;0.06059;0.0;0.0;0.0;0x53f2591e4cd92694e5c0ae953fe7cf7a4877175b1c19dd19715e09ce7e070cde;0.0;0.0;0;0;
0x5ddc7888e5d154081043457c1b72a5c89bdc16bb;31.61;0.0;2;0;31.61;0.0;31.61;31;0;31;0.0;0.0;0.0;0.0;0.0;0.0;;0.0;0.0;0;0;
0x9a0abcd57493935a1fd880b157a0f9784471ba89;0.0;0.0;2;1;2.0;2.0;0.0;2;2;0;0.0;0.0;0.0;0.0;0.0;0.0;;0.0;0.0;0;0;
0x8c7cb7dbdd5792b731b95d3d8a2419969c90ae7d;0.0;0.0;1;1;1.0;1.0;0.0;1;1;0;0.0;0.0;0.0;0.0;0.0;0.0;;0.0;0.0;0;0;
0x2d1cb5ed13c731604a3f1d48dc206d85fe5e52b1;1.04;0.0;1;0;1.04;0.0;1.04;1;0;1;0.0;0.0;0.0;0.0;0.0;0.0;;0.0;0.0;0;0;
0x77ec040154583286586e88bd53de4d466f72514f;0.0;0.0;1;4;100.0;100.0;0.0;0;0;0;0.0;0.0;0.0;0.0;0.0;0.0;;0.0;0.0;0;0;
0xed5511f763f66db7861f98b9f7df873db6b89fe9;8.99;-0.0181;4;1;48.99;40.0;8.99;8;8;0;0.9845;0.0;0.0;0.0181;0.0;0.0;0x905719eda9e314189794f75b4b176d89587b332e1ab6ecab818fad78d7fcab60;0.0;0.0;0;0;
0x03450b08e90e6aa57e2cb5556fbbd41400e93510;0.0;0.0;1;1;0.56;0.56;0.0;0;0;0;0.0;0.0;0.0;0.0;0.0;0.0;;0.0;0.0;0;0;
0x7e54d3161523d2aa7227f198ebd450e4b43bda91;0.0;0.0;2;2;30.0;30.0;0.0;10;10;0;0.0;0.0;0.0;0.0;0.0;0.0;;0.0;0.0;0;0;
0x72bc5f4cbfbdc6186f5a1af8850d98a12376a6b2;0.0;0.0;1;1;5.81;5.81;0.0;5;5;0;0.0;0.0;0.0;0.0;0.0;0.0;;0.0;0.0;0;0;
0xd2c9b9783d8b22b754f8b170fbde01c7da927321;0.0;0.0;2;1;28.0;28.0;0.0;3;3;0;0.0;0.0;0.0;0.0;0.0;0.0;;0.0;0.0;0;0;
0x711281c1b26aaed86e40e4caaf76c1962b45e161;0.0;0.0;3;3;27.0;27.0;0.0;5;5;0;0.0;0.0;0.0;0.0;0.0;0.0;;0.0;0.0;0;0;
0xece26f178d70b6a930117c588b48d2e6a6287a0b;0.0;0.0;1;1;10.38;10.38;0.0;10;10;0;0.0;0.0;0.0;0.0;0.0;0.0;;0.0;0.0;0;0;
0x18468ef37051d08355c7a52d4cdbed50a5bfd75e;1.0;0.0;1;0;1.0;0.0;1.0;1;0;1;0.0;0.0;0.0;0.0;0.0;0.0;;0.0;0.0;0;0;
0x9afda3adfc3588b4404f79792a97f2116957300c;0.0;0.0;1;1;45.0;45.0;0.0;0;0;0;0.0;0.0;0.0;0.0;0.0;0.0;;0.0;0.0;0;0;
0xf4ee01a828c8f403336bd6096c6732c8a9eca56f;0.0;0.0;1;1;30.0;30.0;0.0;0;0;0;0.0;0.0;0.0;0.0;0.0;0.0;;0.0;0.0;0;0;
0x3b281fb69b2af236d9a8ff882236ebb1b82baedb;1.0;0.0;1;0;1.0;0.0;1.0;1;0;1;0.0;0.0;0.0;0.0;0.0;0.0;;0.0;0.0;0;0;
0x4851ae25872c530829d1677f99c429797beee736;0.96;0.0;1;0;0.96;0.0;0.96;0;0;0;0.0;0.0;0.0;0.0;0.0;0.0;;0.0;0.0;0;0;
0x2671df15a2e526c513967bd460d82ba01ba7571f;0.0;0.0;16;12;393.2;393.2;0.01;388;388;0;0.0;0.0;0.0;0.0;0.0;0.0;;0.0;0.0;0;0;
0x254d1eb54eaaf3829dcd2d7ef7532479af16cbb1;0.0;0.0;1;1;7.79;7.79;0.0;7;7;0;0.0;0.0;0.0;0.0;0.0;0.0;;0.0;0.0;0;0;
0x3a7a77703556b219d48fd720d6b8960da7a23169;0.0;0.0;4;2;205.0;205.0;0.0;100;100;0;0.0;0.0;0.0;0.0;0.0;0.0;;0.0;0.0;0;0;
0xb7f7c17dc9ec9ed2d0c272cfff9b3de9f6ac96a8;0.05;0.08114;5;4;6.35;6.3;0.05;6;6;0;0.0;5.3;0.08114;0.0;0.0;0.0;0x3f0ef9b8aa062d12ff4ceff5285be5efac66438118b4ba68f339ef6bb1b1445a, 0x6d3c1534d14b0128a7ec7ecc8a0fb756161f2646722c6b29e7230973113b91db, 0xa563813bf41d67fb13b4e05dfbff84da3065bec9f1df6b5444b8fa40055ed6e4;0.0;0.0;0;0;
0x1e01eb96bafa7815d90b790329f1ceabed868181;0.0;0.0;1;1;3.94;3.94;0.0;3;3;0;0.0;0.0;0.0;0.0;0.0;0.0;;0.0;0.0;0;0;
0x7c4c62f16f0bc4d86efbf9f957eec7a743a36421;0.4;0.0;1;0;0.4;0.0;0.4;0;0;0;0.0;0.0;0.0;0.0;0.0;0.0;;0.0;0.0;0;0;
0xd1742b3c4fbb096990c8950fa635aec75b30781a;0.0;0.0;0;0;0.0;0.0;0.0;0;0;0;0.0;0.0;0.0;0.0;0.0;0.08595;0x80946788de6ae2e60b453fcfff9f36aee6544946796a13f81d71bc801d0ed90b;0.0;0.0;0;0;
0x83f3451cafe319c11a8760d84251b8d20ddcc84c;0.0;0.0;2;2;5.95;5.95;0.0;5;5;0;0.0;0.0;0.0;0.0;0.0;0.0;;0.0;0.0;0;0;
0x5ce793e56f70906f774b7d55b3df8335715eb23c;0.25;0.1226;2;1;9.25;9.0;0.25;9;9;0;0.0;9.0;0.1226;0.0;0.0;0.0;0x833b77fe741808438e6899267a930969ddf42ebbc265dc81cddb94edbbc1340a;0.0;0.0;0;0;
0xe18fd80c724366c3a5c125dbd4cf35a4e5f1f736;10.5;0.0;2;0;10.5;0.0;10.5;10;0;10;0.0;0.0;0.0;0.0;0.0;0.0;;0.0;0.0;0;0;
0x31a5b2211d070c8ba33f9ce4d1d9a55ed3bc185c;0.57;-0.01;1;0;0.57;0.0;0.57;0;0;0;0.5707;0.0;0.0;0.01;0.0;0.0;0x687a9e48f9ea70731b9a07d20aef0c6168955b32096665e941bce39605e34829;0.0;0.0;0;0;
0x05bfc13b6126b7c8586686f41a7494c9d7e53abd;0.0;0.0;1;1;5.8;5.8;0.0;5;5;0;0.0;0.0;0.0;0.0;0.0;0.0;;0.0;0.0;0;0;
0x3348bf5a371ff79e40a4149560c729a0b5c5a0db;2.43;0.0;1;0;2.43;0.0;2.43;2;0;2;0.0;0.0;0.0;0.0;0.0;0.0;;0.0;0.0;0;0;
0x75b2c95de887c2bc84a21cf79b0379589c9dbebf;0.0;0.0;5;1;99.72;99.72;0.0;99;99;0;0.0;0.0;0.0;0.0;0.0;0.0;;0.0;0.0;0;0;
0x9052327281ad816e5ad04041be8c1bcb28ad5a0c;0.01;0.0;1;1;1.05;1.04;0.01;1;1;0;0.0;0.0;0.0;0.0;0.0;0.0;;0.0;0.0;0;0;
0x00fdf1e1ed8b5fb86c8fc9bc5f0639820187cb05;0.0;0.0;2;2;40.0;40.0;0.0;0;0;0;0.0;0.0;0.0;0.0;0.0;0.0;;0.0;0.0;0;0;
0xd7b76a8223a81690182ab3b9ef0fcb3d302210ce;1.0;0.0;1;0;1.0;0.0;1.0;1;0;1;0.0;0.0;0.0;0.0;0.0;0.0;;0.0;0.0;0;0;
0x1252bf1beea27b001d2e324069e92d83722cd40f;0.0;0.2606;5;2;27.0;27.0;0.0;27;27;0;0.0;22.0;0.2606;0.0;0.0;0.0;0xd4aee591aefa7abc0211356a014c09420d3284a144d7bcf400dd6359ca9c4d85;0.0;0.0;0;0;
0x4ac81214e5c051319ca5f0d6576e59d16d7e66c6;0.0;0.0;1;1;0.09;0.09;0.0;0;0;0;0.0;0.0;0.0;0.0;0.0;0.0;;0.0;0.0;0;0;
0x3c686751c34dad4f5298fe33cdb00396f37b0007;0.0;0.0;1;1;30.0;30.0;0.0;0;0;0;0.0;0.0;0.0;0.0;0.0;0.0;;0.0;0.0;0;0;
0xa77c541e3ac6ed281c5ca8fa32961c22498ca754;0.0;0.0;1;1;5.23;5.23;0.0;5;5;0;0.0;0.0;0.0;0.0;0.0;0.0;;0.0;0.0;0;0;
0x30a41c6af43ea73efcd4172d032ca9aaf527eaab;0.0;0.0;2;1;4.75;4.75;0.0;4;4;0;0.0;0.0;0.0;0.0;0.0;0.0;;0.0;0.0;0;0;
0xd5592213552d9c553e954e682432376b5163c942;0.0;0.01234;1;1;1.28;1.28;0.0;1;1;0;0.0;1.28;0.01234;0.0;0.0;0.0;0xfa6c0e735d14bc70b68a1746fc41c7f953b58e72b60c4a9a42d25678f6f163e0;0.0;0.0;0;0;
0x6c22b4b9ac7ca1aed2dec6e0894525e1999097ce;0.0;0.0;1;1;2.08;2.08;0.0;2;2;0;0.0;0.0;0.0;0.0;0.0;0.0;;0.0;0.0;0;0;
0x4f8bbe6170fbeca54b13a5438eac4bb24df81878;0.0;0.0;4;2;55.0;55.0;0.0;30;30;0;0.0;0.0;0.0;0.0;0.0;0.0;;0.0;0.0;0;0;
0x7df17f953dbd39b9c0e066d705cf19823637325c;0.0;0.0;1;1;5.74;5.74;0.0;5;5;0;0.0;0.0;0.0;0.0;0.0;0.0;;0.0;0.0;0;0;
0x96b19a7cb74f91adff8168bc2b8cd295252c9360;0.0;0.0;2;2;11.04;11.04;0.0;11;11;0;0.0;0.0;0.0;0.0;0.0;0.0;;0.0;0.0;0;0;
0xa19733082c0fa077e8fe7f26d6fb3e98c8438716;0.0;0.0;1;2;2.18;2.18;0.0;2;2;0;0.0;0.0;0.0;0.0;0.0;0.0;;0.0;0.0;0;0;
0x5dc7badc127773aa919f02526bde427bb35fcbbd;0.0;0.0;1;1;1.0;1.0;0.0;1;1;0;0.0;0.0;0.0;0.0;0.0;0.0;;0.0;0.0;0;0;
0xe66af8b375dc070bd1607703dde27d9b9ba70c2a;0.0;0.0;1;1;1.0;1.0;0.0;0;0;0;0.0;0.0;0.0;0.0;0.0;0.0;;0.0;0.0;0;0;
0xc75fbbbadedde0505cc806d07d7d68a73e687a50;0.0;0.0;1;1;3.0;3.0;0.0;0;0;0;0.0;0.0;0.0;0.0;0.0;0.0;;0.0;0.0;0;0;
0xb717e7f13bb369c935c09b65f1b62ebec4d96e1f;0.0;0.0;3;1;20.33;20.33;0.0;20;20;0;0.0;0.0;0.0;0.0;0.0;0.0;;0.0;0.0;0;0;
0xdd08023fa5650fee24caabf8649f5cd92cff9ed7;0.0;0.1208;2;1;10.0;10.0;0.0;4;4;0;0.0;10.0;0.1208;0.0;0.0;0.0;0xfc33c4585a9904f2121387326a625bc21029235a906db9e73853af1e1a87dd1e;0.0;0.0;0;0;
0xa967266d4ef3bc4c9e9d941ce0377e664831a5e8;0.46;0.0;2;3;2.79;2.33;0.46;2;2;0;0.0;0.0;0.0;0.0;0.0;0.0;;0.0;0.0;0;0;
0xd1d65768c3c880ba6077e55b82b7c4662a13735d;0.2;0.0;2;0;0.2;0.0;0.2;0;0;0;0.0;0.0;0.0;0.0;0.0;0.0;;0.0;0.0;0;0;
0x31b47c9b70f6ed771457b99ed92585938e2c43cf;0.0;0.0;5;13;198.0;198.0;0.0;198;198;0;0.0;0.0;0.0;0.0;0.0;0.0;;0.0;0.0;0;0;
0x63bcc453d68f7855617f944b30f315efa6dd3ec4;0.0;1.697;3;1;120.0;120.0;0.0;0;0;0;0.0;120.0;1.697;0.0;0.0;0.0;0x042dc4be9855ddc05aa4fe598da231825088fea1132d8c336249542b8e08e015;0.0;0.0;0;0;
0x16abd179afe0465225fdb19a3a0dd3647eb35ede;0.0;0.7995;3;2;81.47;81.47;0.0;81;81;0;0.0;44.0;0.7995;0.0;0.0;0.0;0x7b3fd60112df8479b17c7ccb3d38bd6e58ed3d0126b58b7aa10592974c84a97f;0.0;0.0;0;0;
0xdbe7c71cdc2cd4f62620f5f35d3963f57fdeb51b;0.0;0.0;1;1;10.68;10.68;0.0;10;10;0;0.0;0.0;0.0;0.0;0.0;0.0;;0.0;0.0;0;0;
0x266559ff8500fdae9675647c81531b1c0f2efa1c;0.0;0.03437;2;1;3.0;3.0;0.0;3;3;0;0.0;3.0;0.03437;0.0;0.0;0.0;0x5280fb2785a85e8557199eda012999f2a3a396514b08466502fa20737126b659;0.0;0.0;0;0;
0x75365ddb02bc316748fb9a2dc5a33b42f1fba2e7;-6586.0;0.0;1;1;80.28;6666.0;-6586.0;80;0;80;0.0;0.0;0.0;0.0;0.0;0.0;;0.0;0.0;0;0;
0x6d9ef80eaea16b30e9ac8c39aed3ad623e0fcee6;0.0;0.0;2;2;71.64;71.64;0.0;71;71;0;0.0;0.0;0.0;0.0;0.0;0.0;;0.0;0.0;0;0;
0x13e4cd6d395908457c2d44183226143d9a9733b2;0.0;0.0;2;1;11.07;11.07;0.0;11;11;0;0.0;0.0;0.0;0.0;0.0;0.0;;0.0;0.0;0;0;
0x607115b7df0f070246b84249d4d7f2c75467ab5a;0.0;0.0;1;1;0.99;0.99;0.0;0;0;0;0.0;0.0;0.0;0.0;0.0;0.01394;0xec6d4a78e73ca6e86e1b040064e35f5aab1f6a0e1fdea420309b4e9f0a36862d;0.0;0.0;0;0;
0x92e9b91aa2171694d740e7066f787739ca1af9de;0.0;0.0;4;3;32.23;32.23;0.0;21;21;0;0.0;0.0;0.0;0.0;0.0;0.0;;0.0;0.0;0;0;
0x7453d4aefdb4ffd9847b6a8ed52d54211cb38061;0.0;0.0;1;1;2.06;2.06;0.0;2;2;0;0.0;0.0;0.0;0.0;0.0;0.0;;0.0;0.0;0;0;
0xa55e8f346a2e48045f0418aae297aae166f614ce;0.0;0.0;1;1;32.61;32.61;0.0;32;32;0;0.0;0.0;0.0;0.0;0.0;0.0;;0.0;0.0;0;0;
0x13647a2bee57b3a3b97571fab8ee7f42e8e5133d;0.64;0.0;1;1;7.64;7.0;0.64;7;7;0;0.0;0.0;0.0;0.0;0.0;0.0;;0.0;0.0;0;0;
0x822402ea1a6f4d078b41562cfc2c9657ccb4f185;0.0;0.0;2;1;11.94;11.94;0.0;11;11;0;0.0;0.0;0.0;0.0;0.0;0.0;;0.0;0.0;0;0;
0x6940ca4b5b0fc5d03d3b88b6f4a69e9277be33f0;0.0;0.0;2;1;34.5;34.5;0.0;34;34;0;0.0;0.0;0.0;0.0;0.0;0.0;;0.0;0.0;0;0;
0x8ad4772b9520e9c3c6f4e1152272b508c7358379;0.45;0.0;1;1;0.9;0.45;0.45;0;0;0;0.0;0.0;0.0;0.0;0.0;0.0;;0.0;0.0;0;0;
0xaf4c01db97884ac093be094a4bd5faf871897924;0.0;0.0;2;1;4.0;4.0;0.0;4;4;0;0.0;0.0;0.0;0.0;0.0;0.0;;0.0;0.0;0;0;
0x962110ddc466d4b0f4008e3036b468665c3722e1;0.0;0.0;1;1;4.82;4.82;0.0;4;4;0;0.0;0.0;0.0;0.0;0.0;0.0;;0.0;0.0;0;0;
0x83e3dd41ca2665c3616a6df81338749a5f15ff4b;0.0;0.0;1;1;12.14;12.14;0.0;12;12;0;0.0;0.0;0.0;0.0;0.0;0.0;;0.0;0.0;0;0;
0x82fd171d9a11259758012df50d57918210f7d4b9;0.0;0.0;3;4;10.0;10.0;0.0;6;6;0;0.0;0.0;0.0;0.0;0.0;0.0;;0.0;0.0;0;0;
0x5082c9f476847655664d511515730f9a4a21c580;0.0;0.0;1;6;15.0;15.0;0.0;0;0;0;0.0;0.0;0.0;0.0;0.0;0.0;;0.0;0.0;0;0;
0x2786352509a09eeb723c82903b1697b4e2b623e6;0.0;0.0;1;1;8.41;8.41;0.0;8;8;0;0.0;0.0;0.0;0.0;0.0;0.0;;0.0;0.0;0;0;
0x67c9cfa58e23db711a73390ca9e2758b9301659d;0.0;0.0;1;2;30.0;30.0;0.0;0;0;0;0.0;0.0;0.0;0.0;0.0;0.0;;0.0;0.0;0;0;
0xd663981ca03131882c0f30df37b4a37ee272cff8;0.0;0.0;3;1;6.71;6.71;0.0;3;3;0;0.0;0.0;0.0;0.0;0.0;0.0;;0.0;0.0;0;0;
0x78cf3cc51e2870ee8f949446b121ec070914e6d8;0.49;0.0;1;0;0.49;0.0;0.49;0;0;0;0.0;0.0;0.0;0.0;0.0;0.0;;0.0;0.0;0;0;
0xb1c757c10727ec1bd9e42363e821d06ad1671d92;0.0;0.0;1;1;14.33;14.33;0.0;14;14;0;0.0;0.0;0.0;0.0;0.0;0.0;;0.0;0.0;0;0;
0x98cd0f2a101f3545c1702177fa77bc55fd0ac4a3;18.84;0.0;1;0;18.84;0.0;18.84;18;0;18;0.0;0.0;0.0;0.0;0.0;0.0;;0.0;0.0;0;0;
0x19c32b7ab4d1615d5f03279f85b18f1b0e750ce2;0.56;0.0227;2;2;3.56;3.0;0.56;3;3;0;0.0;2.0;0.0227;0.0;0.0;0.0;0x1bfbb75efd7791fe7b60041c9d92e4b08cc5c4b77d9ed57886029828b6f31bef;0.0;0.0;0;0;
0x1a0dac7f83be4dc279a4889b2317b2be003d3668;0.0;0.0;1;1;1.89;1.89;0.0;1;1;0;0.0;0.0;0.0;0.0;0.0;0.0;;0.0;0.0;0;0;
0x5037a6ed582615012e6adb607f5a373a0646b335;0.0;0.124;3;1;9.4;9.4;0.0;9;9;0;0.0;9.4;0.124;0.0;0.0;0.0;0x0428e866cb42f449d10640be226d8dbcfd197d780347b3d46cb3eff114f54638;0.0;0.0;0;0;
0xf591db9dccd5d3aaf8508da2cffedd5ef5bb920f;0.0;0.0;3;1;104.1;104.1;0.0;104;104;0;0.0;0.0;0.0;0.0;0.0;0.0;;0.0;0.0;0;0;
0x2bdf1a698d39a4358e2c162deacc038fadb8a9d5;0.0;0.0;2;2;7.68;7.68;0.0;6;6;0;0.0;0.0;0.0;0.0;0.0;0.0;;0.0;0.0;0;0;
0x1cc972ff969689873f8010bdd0cf3dc30618397e;0.0;0.0;1;1;7.71;7.71;0.0;7;7;0;0.0;0.0;0.0;0.0;0.0;0.0;;0.0;0.0;0;0;
0xf00005e02a3a179468b65335858fd7c757951b7f;0.0;0.06833;3;1;7.0;7.0;0.0;7;7;0;0.0;7.0;0.06833;0.0;0.0;0.0;0xb1dd0c35dcaed8e2433d1eca9cd44ece5088fc9f47a27e43b7f542bb5feb842c;0.0;0.0;0;0;
0x2ae638afb0f899d325e5737f6112550a61808dc2;0.29;0.0;1;1;2.29;2.0;0.29;2;2;0;0.0;0.0;0.0;0.0;0.0;0.0;;0.0;0.0;0;0;
0xe909cf4160092de1b6772c4921bbecf0a8485b51;0.0;0.0;1;1;1.14;1.14;0.0;1;1;0;0.0;0.0;0.0;0.0;0.0;0.0;;0.0;0.0;0;0;
0x1a8a7ae2508a2623789772e6eeaa084ac406d85f;0.0;0.0;3;3;55.1;55.1;0.0;54;54;0;0.0;0.0;0.0;0.0;0.0;0.0;;0.0;0.0;0;0;
0xfc949a08a15c32e87bdc6d0a0a3df68e63603431;0.02;0.0;1;1;23.04;23.02;0.02;23;23;0;0.0;0.0;0.0;0.0;0.0;0.0;;0.0;0.0;0;0;
0xa51d3b97764c3b96f364218d8a6fd047ebe9b349;1.0599999999999996;0.0;2;7;0.72;6.66;-5.94;7;0;7;0.0;0.0;0.0;0.0;0.6226;0.0;0xc27709ed40d447742ea6c932a870749072a5d9ab4073fac628761fc9f8f618f5;0.0;0.0;0;0;
0x6b17454d99f3104a656532a4ad5f56f43c1bbd23;2.11;0.0;1;0;2.11;0.0;2.11;2;0;2;0.0;0.0;0.0;0.0;0.0;0.0;;0.0;0.0;0;0;
0x769597e163f4d239bd571dd34f3727c40cf025cb;0.0;0.02047;1;1;1.41;1.41;0.0;1;1;0;0.0;1.41;0.02047;0.0;0.0;0.0;0x5eff7167e3657e76237aeae72b70b52d1a226641c2c63fbc985d5029ce3681a7;0.0;0.0;0;0;
0x000461a73d3985eef4923655782aa5d0de75c111;0.0;0.0;2;2;66.0;66.0;0.0;0;0;0;0.0;0.0;0.0;0.0;0.0;0.0;;0.0;0.0;0;0;
0xd92ec2123473e0e4099733b1e03405384aa1024d;0.0;0.1837;1;1;14.85;14.85;0.0;14;14;0;0.0;14.85;0.1837;0.0;0.0;0.0;0x41c8f76f91965227f25c7fb37d7a280df793e9362701de6f4961f831b7f58e33;0.0;0.0;0;0;
0xa5d80c9bc83cf97fb64bbf0fba9272636d1eb385;0.0;0.0;1;1;0.96;0.96;0.0;0;0;0;0.0;0.0;0.0;0.0;0.0;0.0;;0.0;0.0;0;0;
0xf55b7069e622a6b7fc8ba9aa5fa75399d7afff70;0.0;0.0;1;1;9.84;9.84;0.0;9;9;0;0.0;0.0;0.0;0.0;0.0;0.0;;0.0;0.0;0;0;
0x7ff63eca149e0e88df652cc9171dbe28ba1ca77f;0.0;0.0;1;1;3.7;3.7;0.0;3;3;0;0.0;0.0;0.0;0.0;0.0;0.0;;0.0;0.0;0;0;
0x22ee0fab291b1caae4bdadb35516b2543898bf09;2.0;0.0;1;0;2.0;0.0;2.0;2;0;2;0.0;0.0;0.0;0.0;0.0;0.0;;0.0;0.0;0;0;
0x24555b39d91e53c4c7811219ece75b15fd9eabc3;1.0;0.0;1;0;1.0;0.0;1.0;0;0;0;0.0;0.0;0.0;0.0;0.0;0.0;;0.0;0.0;0;0;
0xb842704746fee9d845ce46405c9c64e856a50058;6.31;0.0;1;0;6.31;0.0;6.31;6;0;6;0.0;0.0;0.0;0.0;0.0;0.0;;0.0;0.0;0;0;
0xe505dfeb53dee14b06c72854e4d13551b3ae06d3;0.0;0.01394;0;0;0.0;0.0;0.0;0;0;0;0.0;1.98;0.01394;0.0;0.0;0.0;0xec6d4a78e73ca6e86e1b040064e35f5aab1f6a0e1fdea420309b4e9f0a36862d;0.0;0.0;0;0;
0xbc1c70f27d72c2032a4ba80818cb3b7c47b84999;0.0;0.0753;2;1;6.0;6.0;0.0;0;0;0;0.0;6.0;0.0753;0.0;0.0;0.0;0x7fca0587c5568cce838a4b3e434c17939d558a3a3c0b308accfc03373bb5b1e4;0.0;0.0;0;0;
0x5d2a90684b70b28249d59c797dbe379aada6078a;0.0;0.1235;3;2;34.49;34.49;0.0;23;23;0;0.0;10.81;0.1235;0.0;0.0;0.0;0x5b52574e2990e985878385b6851416a7c540b6d693d0bc4dc67a2750e4b92b14;0.0;0.0;0;0;
0x000000000c1500d6cf5a65167f131a53c82c1033;0.0;0.0;0;4;0.0;4.0;-4.0;4;0;4;0.0;0.0;0.0;0.0;0.000325;0.02174;0x27b6b2dfb4cf2a74ce5e0abf5b6747713ff89b4b189827856d827a31c55efd01, 0xf62c36bfcf91d6b5cb68ec5541fb6aba0d3c4ecf890825beec5fa6bf02f5a43b, 0x69a90f042c9175c93d64b7f52815c604d5661fac20d0df9e86f8c7df32d142da, 0x567654aa2c4d913ba9af0bb6c409641c040649ce1a58961a0e7b5796e21f16bc;0.0;0.0;0;0;
0xf3e6a2098f6889ceabdc541f4577242c9437f9db;2.59;0.0;1;0;2.59;0.0;2.59;2;0;2;0.0;0.0;0.0;0.0;0.0;0.0;;0.0;0.0;0;0;
0xd93d10900f53a4f445a88d62efff803edfe20980;0.0;2.945;1;7;455.0;455.0;0.0;0;0;0;0.0;274.0;2.945;0.0;0.0;0.0;0x471e681bdaf8782b57c7292850c46b8f7dd07f1c2bf63944afab6ef31c6e8754;0.0;0.0;0;0;
0x6e26e1cd15c91713019eae673e27e234bf4bf7d3;0.0;0.0;2;3;100.0;100.0;0.0;0;0;0;0.0;0.0;0.0;0.0;0.0;0.0;;0.0;0.0;0;0;
0x499759282caf3dce9d21cf8be9377bf1fa340cc8;0.0;0.0;6;3;174.7;174.7;0.0;84;84;0;0.0;0.0;0.0;0.0;0.0;0.0;;0.0;0.0;0;0;
0xdd37fab50bc836bb863ab99547f0da87761e328f;0.0;0.0;1;1;5.0;5.0;0.0;5;5;0;0.0;0.0;0.0;0.0;0.0;0.0;;0.0;0.0;0;0;
0x0552020d2de01e9383964d2d82995f21b793dd15;0.0;0.0;1;1;0.9;0.9;0.0;0;0;0;0.0;0.0;0.0;0.0;0.0;0.0;;0.0;0.0;0;0;
0x13f460158ec3e0b1a1abb45ad8676050e6ccb53d;0.0;0.02293;1;1;2.0;2.0;0.0;0;0;0;0.0;2.0;0.02293;0.0;0.0;0.0;0x170de102fb59b2345713655543c092ae3acf50192305b029d9c1ad705167b979;0.0;0.0;0;0;
0x34e6fd53c6c10141774a28de9520e21af6274d4b;0.0;0.0;0;0;0.0;0.0;0.0;7;7;0;0.0;0.0;0.0;0.0;7.005;0.0;0x843cd449f0f518a4407919201f984387f2f442e75f6f52fca7c4a70173b7a8f1, 0x17a408932260cab966d93022ad41ff5aa49ca3c9351dc54a54f2fd6d31651d09, 0xba0ff21f09672e0e17637b3333eb1e0a9d06ae25d3fe1b4a7a119b621d0f403f, 0x30228115806f36b8fa87dcae26578fe8ce4e94ece1db38806820b53b80fed724, 0x26bf23e7773b8cc973a3aeed6a25584ab65325eef2d877d89fb87cb4d2fbaf00, 0xe8f286679bb0a7b29b41a385a7d8cbb58f8827bf2156e65ba4016fc46cf72ddb, 0xa84551130c719a1c63b42c6817e8944fbe61a0c7d8f7498df98a95bcff14749c, 0x3eabe9d5c451c01fcdb4b24b357ada2d1de9fbdf4d0116ba2fbb3f75d28269e1, 0xfaa80a1db609e55e46e4f1952724f93ba8287389d74194aa9bfee9fff8a3afbe, 0x773185c1fcb389877d7d67f520bfad15247663ff17aa41481d5a8291553b8883, 0xbbfade9ee7fa8a500d2da4624a2401b984e29c919d696e461cd35afc142b0c86, 0xb97195e65137d4d13b2009cf225519d1550e9f66431f574f90789c44c7425fa9, 0x93c05acce2e80a55430e1bfbdf0231da154571e820a86c2f8ea42cb8f7c58233, 0x3bdb2632bafaac7d67ceb38cce6ab744022cad3ea5771bdb7d3dd0f84c0b3064;0.0;0.0;0;0;
0x421eee8d2aa3617d6cc6bc5be138f119954c8c0d;0.0;0.0;1;1;1.04;1.04;0.0;1;1;0;0.0;0.0;0.0;0.0;0.0;0.0;;0.0;0.0;0;0;
0xd6198a80db2eb9840bfb96094d09e10de367f81e;2.49;0.0;1;0;2.49;0.0;2.49;2;0;2;0.0;0.0;0.0;0.0;0.0;0.0;;0.0;0.0;0;0;
0xd48433513cef95020ab3bf985d3b22defcefc002;0.0;0.0;1;1;5.0;5.0;0.0;0;0;0;0.0;0.0;0.0;0.0;0.0;0.0;;0.0;0.0;0;0;
0x16205bcc61de8a36f3bc87738711c7712d3df20f;1.18;0.0;1;0;1.18;0.0;1.18;1;0;1;0.0;0.0;0.0;0.0;0.0;0.0;;0.0;0.0;0;0;
0x14ac914553c69caf1b21b2f2467a5c8574059079;0.15;0.433;6;1;34.15;34.0;0.15;34;34;0;0.0;34.0;0.433;0.0;0.0;0.0;0xa7a092948a09d70e28b9efda696a1f46dc39681967c185c2e41d1491ed16246a;0.0;0.0;0;0;
0x5f30483631a4233dece123886d3bc4075724fcfd;0.0;0.1739;1;1;13.52;13.52;0.0;13;13;0;0.0;13.52;0.1739;0.0;0.0;0.0;0x86b775bd7ec454e11f609130cc0c6d27b9d6bc6579ba2ec8fd08c76ec375779f;0.0;0.0;0;0;
0x8cec52c433d065de3d1c40a63d8e54bee1469435;0.76;0.0;4;1;26.76;26.0;0.76;26;26;0;0.0;0.0;0.0;0.0;0.0;0.0;;0.0;0.0;0;0;
0x68b53aa18d1b8437b7cd9524040c776e2261e06d;0.0;0.0;1;1;3.3;3.3;0.0;3;3;0;0.0;0.0;0.0;0.0;0.0;0.0;;0.0;0.0;0;0;
0x8c86a236f167883a77d4a3084e5897a2b5f45f86;0.0;0.0;1;1;4.0;4.0;0.0;4;4;0;0.0;0.0;0.0;0.0;0.0;0.0;;0.0;0.0;0;0;
0x63bdbda6a2498c99165fadb3133e5918b2fad1d5;0.0;0.0;1;1;1.67;1.67;0.0;1;1;0;0.0;0.0;0.0;0.0;0.0;0.0;;0.0;0.0;0;0;
0x4c6d22c74d6bdb72f3dd4ac55f440f049f799f2a;0.0;0.2591;1;1;15.0;15.0;0.0;15;15;0;0.0;15.0;0.2591;0.0;0.0;0.0;0x98da9b5733908154f43cdd9ad019f60d5eeba192354383ef9516ec366f29a1e4;0.0;0.0;0;0;
0x1ecde39e1ef59cea9fac583f8d419eec734c7ca1;0.32;0.0;1;0;0.32;0.0;0.32;0;0;0;0.0;0.0;0.0;0.0;0.0;0.0;;0.0;0.0;0;0;
0xaee33d473c68f9b4946020d79021416ff0587005;0.0;0.02208;1;1;1.51;1.51;0.0;1;1;0;0.0;1.51;0.02208;0.0;0.0;0.0;0xac44362fa2d1b0b67633ec7a785bcbaf0f883dc883757689de78598a7c57c908;0.0;0.0;0;0;
0x0d4649139ae0a423049b72a76810b70c5ae0748a;1.0;0.0;1;0;1.0;0.0;1.0;1;0;1;0.0;0.0;0.0;0.0;0.0;0.0;;0.0;0.0;0;0;
0xa50c08f58801c07be3f050229571d6e31fa466d6;0.0;0.0;1;1;9.0;9.0;0.0;0;0;0;0.0;0.0;0.0;0.0;0.0;0.0;;0.0;0.0;0;0;
0x25e6376ea85ae1034c730dfae4c9af5a8df43bc7;0.37;0.2746;2;2;22.47;22.1;0.37;22;22;0;0.0;22.0;0.2746;0.0;0.0;0.0;0xff7e2273dcc68eba98a18f39fbb33741e06ecdcb2963975c0973295fc89cc304;0.0;0.0;0;0;
0x9a98c687a3623b280fdcd2a0dac40ab45f07fe6d;1.1;0.0;1;0;1.1;0.0;1.1;1;0;1;0.0;0.0;0.0;0.0;0.0;0.0;;0.0;0.0;0;0;
0x5fb4adbae05aabdcdd091d936f3bbc63ce1bfbc7;13.29;0.0;1;0;13.29;0.0;13.29;13;0;13;0.0;0.0;0.0;0.0;0.0;0.0;;0.0;0.0;0;0;
0x2d86499a410a9ac2139833ba8d6942b8a8700a7b;0.0;0.0;4;4;40.0;40.0;0.0;10;10;0;0.0;0.0;0.0;0.0;0.0;0.0;;0.0;0.0;0;0;
0x32e2aa495d3d0cdf8b2db5a8d323948e3334ea24;0.0;0.0;4;4;16.87;16.87;0.0;15;15;0;0.0;0.0;0.0;0.0;0.0;0.0;;0.0;0.0;0;0;
0xfe78d9253564045d8cbfdec712cd32220139e36a;0.0;0.0;1;1;3.79;3.79;0.0;3;3;0;0.0;0.0;0.0;0.0;0.0;0.0;;0.0;0.0;0;0;
0xd31987036d2b8af03a2e82d1de1485dc926a6f30;3.01;0.0;1;0;3.01;0.0;3.01;3;0;3;0.0;0.0;0.0;0.0;0.0;0.0;;0.0;0.0;0;0;
0x810ab853d951613a567792a675922c6498bce29f;0.0;0.0;3;13;46.0;46.0;0.0;1;1;0;0.0;0.0;0.0;0.0;0.0;0.0;;0.0;0.0;0;0;
0xc00b1787e4e49e63843310291dc0d47193771f0c;25.1;0.0;4;0;25.1;0.0;25.1;25;0;25;0.0;0.0;0.0;0.0;0.0;0.0;;0.0;0.0;0;0;
0x806f22f433ad7a781518a0187a40db30f049448b;0.0;0.0;8;3;27.0;27.0;0.0;27;27;0;0.0;0.0;0.0;0.0;0.0;0.0;;0.0;0.0;0;0;
0x0bc208668fc26079a688dc02eaa7c3e395f41ea0;0.0;0.0;1;1;1.63;1.63;0.0;1;1;0;0.0;0.0;0.0;0.0;0.0;0.0;;0.0;0.0;0;0;
0x1e289a1d4f03cbcf18fc31de4866852e5ba69022;0.0;0.0;2;1;2.07;2.07;0.0;2;2;0;0.0;0.0;0.0;0.0;0.0;0.0;;0.0;0.0;0;0;
0x749b6f0c1d3e750cba6d672b77165ea6e1e16b27;0.0;0.0;1;1;1.0;1.0;0.0;1;1;0;0.0;0.0;0.0;0.0;0.0;0.0;;0.0;0.0;0;0;
0x9447bb342ec6de70fee68b8cdbccf5dda35c2004;0.0;0.0;3;1;36.0;36.0;0.0;0;0;0;0.0;0.0;0.0;0.0;0.0;0.0;;0.0;0.0;0;0;
0xc9673c6d77564655421a9b23a3fd2b9606bcec2b;0.0;0.0;1;1;3.48;3.48;0.0;3;3;0;0.0;0.0;0.0;0.0;0.0;0.0;;0.0;0.0;0;0;
0x766f0ae2e374f61cd4a72fdc002a1e1d9675bd8f;6.37;0.0;2;0;6.37;0.0;6.37;6;0;6;0.0;0.0;0.0;0.0;0.0;0.0;;0.0;0.0;0;0;
0xb0a8ef34bd78f8b1c5a4a7bec610a4ed7b70b7cb;0.13;0.0;1;0;0.13;0.0;0.13;0;0;0;0.0;0.0;0.0;0.0;0.0;0.0;;0.0;0.0;0;0;
0xb64ac1a8ad18c77c998c68e4024f15826e5b0424;0.0;0.0;1;1;3.1;3.1;0.0;3;3;0;0.0;0.0;0.0;0.0;0.0;0.0;;0.0;0.0;0;0;
0x3eec91172f90ee1623fdb86c9008aa85bf6c8750;0.0;0.0;1;1;3.0;3.0;0.0;3;3;0;0.0;0.0;0.0;0.0;0.0;0.0;;0.0;0.0;0;0;
0xcdd7c5ee37a5cca185807e5c2d2c4cb9ef3d8923;0.0;0.0;1;1;1.53;1.53;0.0;1;1;0;0.0;0.0;0.0;0.0;0.0;0.0;;0.0;0.0;0;0;
0xae00ed3ed9c69560778a44845dcafa97992ffebd;0.27;0.0;1;1;20.27;20.0;0.27;20;20;0;0.0;0.0;0.0;0.0;0.0;0.0;;0.0;0.0;0;0;
0xd1f397488140a7a790f84601f1906aecd5cd7a61;0.0;0.1627;1;1;12.9;12.9;0.0;12;12;0;0.0;12.9;0.1627;0.0;0.0;0.0;0x9293c4cc6d85f2f52aebdf5c57786711d1db9dfb77e524871ab0afb811849ca1;0.0;0.0;0;0;
0xe40e0a8d7c56cb4504aeea31a8f8828bbf205c80;0.0;0.01199;1;1;1.0;1.0;0.0;1;1;0;0.0;1.0;0.01199;0.0;0.0;0.0;0xfcc9cb92851b2c55ec3d67e2580b26b4766ee81505169cfbe6be4e123e058227;0.0;0.0;0;0;
0xc298c36eb5840a4b0e5bfb4145742b198cc9ced9;0.86;0.0;1;0;0.86;0.0;0.86;0;0;0;0.0;0.0;0.0;0.0;0.0;0.0;;0.0;0.0;0;0;
0x4a3d63382d17361dba7628743220285f9c169ce4;0.0;0.0;1;3;50.0;50.0;0.0;0;0;0;0.0;0.0;0.0;0.0;0.0;0.0;;0.0;0.0;0;0;
0x6c95eab14cd51c85a8d521ae995beba392daf978;0.06;0.0;1;2;1.74;1.68;0.06;1;0;1;0.0;0.0;0.0;0.0;0.0;0.0;;0.0;0.0;0;0;
0x4deaae930ae5251d28e500b2372c626088c85ce7;0.0;0.0;1;1;2.0;2.0;0.0;2;2;0;0.0;0.0;0.0;0.0;0.0;0.0;;0.0;0.0;0;0;
0x24eca210afee728eb7e8e35642ed1582ff605a84;0.0;0.0;5;2;55.0;55.0;0.0;10;10;0;0.0;0.0;0.0;0.0;0.0;0.0;;0.0;0.0;0;0;
0xa49c4d6bf8ab3f21b34432ba91980809ec5d0ed7;0.0;0.0;4;2;47.0;47.0;0.0;0;0;0;0.0;0.0;0.0;0.0;0.0;0.0;;0.0;0.0;0;0;
0x147d79f1c9244b85cba959262fb71ad38069febb;1.0;0.0;2;1;3.0;2.0;1.0;0;0;0;0.0;0.0;0.0;0.0;0.0;0.0;;0.0;0.0;0;0;
0x207c529bf96189c36a7347e786150121dfa73977;0.0;0.0;2;2;44.79;44.79;0.0;44;44;0;0.0;0.0;0.0;0.0;0.0;0.0;;0.0;0.0;0;0;
0x77a0a17fbafd45b88257b47838bcf3a2c97c98cf;0.0;0.3925;2;1;30.0;30.0;0.0;30;30;0;0.0;30.0;0.3925;0.0;0.0;0.0;0x3997ccf6ff11ba460809786410688ebbca5553e4f736ff7db0cd847aed531a08;0.0;0.0;0;0;
0x49e5e79412ed4f13547bf9c40cb3a4a041eeddf2;0.0;0.0;4;7;60.11;60.11;0.0;0;0;0;0.0;0.0;0.0;0.0;0.0;0.0;;0.0;0.0;0;0;
0x9965ec9708c27650fc8007642dba5ff3368f1f2e;15.0;0.0;2;0;15.0;0.0;15.0;5;0;5;0.0;0.0;0.0;0.0;0.0;0.0;;0.0;0.0;0;0;
0xece82e81229da8af28646f88c2a7e643baf4dd9b;0.0;0.0;4;1;16.06;16.06;0.0;16;16;0;0.0;0.0;0.0;0.0;0.0;0.0;;0.0;0.0;0;0;
0xfc198ff4d6f21ffd5c32b1c503c5e41f4d77ba6e;0.0;0.0;1;1;10.33;10.33;0.0;10;10;0;0.0;0.0;0.0;0.0;0.0;0.0;;0.0;0.0;0;0;
0xdef1c0ded9bec7f1a1670819833240f027b25eff;0.0;0.0;0;0;0.0;0.0;0.0;0;0;0;0.0;0.0;0.0;0.0;0.0;0.1705;0xf901eb4e3e26bb00cc0d6e1ba19ba823a0c1f3b4f175d80121c90f18063f8f9c;0.0;0.0;0;0;
0xd03da4452bf9478c67a54c56d46678d55a8d9483;0.0;0.0;1;1;12.0;12.0;0.0;0;0;0;0.0;0.0;0.0;0.0;0.0;0.0;;0.0;0.0;0;0;
0xe4fda04d683b9da05fa7fd936d1219c78e4dc622;0.0;0.0;1;1;0.65;0.65;0.0;0;0;0;0.0;0.0;0.0;0.0;0.0;0.0;;0.0;0.0;0;0;
0x89e6179a5a69d2da30f061ca9e09ebdcc0423333;0.0;0.0;2;2;26.0;26.0;0.0;6;6;0;0.0;0.0;0.0;0.0;0.0;0.0;;0.0;0.0;0;0;
0x9f256a5703a493cac86a09fa84473517ace6ca81;0.0;0.0;2;2;1.79;1.79;0.0;0;0;0;0.0;0.0;0.0;0.0;0.0;0.0;;0.0;0.0;0;0;
0x3a6154998397441c7da755e93eecc2f2460be365;0.0;0.6159;4;3;112.0;112.0;0.0;72;72;0;0.0;37.0;0.6159;0.0;0.0;0.0;0x7d25e2cd90fda9cdb1a491f14eac9e6c298a4d0a4219ff85db61577252bad251;0.0;0.0;0;0;
0x7a9803f2450e948f63bba32834792ce7aab02515;0.0;0.0;1;1;45.0;45.0;0.0;0;0;0;0.0;0.0;0.0;0.0;0.0;0.0;;0.0;0.0;0;0;
0x6068e19434e6c0c2eae02c4370fc24ae98a86986;0.11;0.0;1;0;0.11;0.0;0.11;0;0;0;0.0;0.0;0.0;0.0;0.0;0.0;;0.0;0.0;0;0;
0x1670db0afa7b78f3c462ce4a5f463af056e4ecd4;0.0;0.0;1;1;0.52;0.52;0.0;0;0;0;0.0;0.0;0.0;0.0;0.0;0.0;;0.0;0.0;0;0;
0xd3ea48b33138d63a29415a61e13a6e183c25dcb1;0.0;0.06943;1;1;7.21;7.21;0.0;7;7;0;0.0;7.21;0.06943;0.0;0.0;0.0;0x04e19b1fd2ad12f09f4a9ffb7c837965f402a604953e4df291ab7ba51a06bb40;0.0;0.0;0;0;
0xb23c0de2d546ecb88a012dee063e7ca5f43f678f;2.04;0.0;1;0;2.04;0.0;2.04;2;0;2;0.0;0.0;0.0;0.0;0.0;0.0;;0.0;0.0;0;0;
0xbb6f4cfc66356b64bb6b05ac5e36b1ff76471054;0.0;0.0;1;2;2.0;2.0;0.0;0;0;0;0.0;0.0;0.0;0.0;0.0;0.0;;0.0;0.0;0;0;
0x37e38e229ecebbf9a6f4b8479b71508ece16d597;0.0;0.0;3;2;75.0;75.0;0.0;25;25;0;0.0;0.0;0.0;0.0;0.0;0.0;;0.0;0.0;0;0;
0xfa30b17a390d62687a791a8f696c35605525187d;25.0;0.0;1;0;25.0;0.0;25.0;0;0;0;0.0;0.0;0.0;0.0;0.0;0.0;;0.0;0.0;0;0;
0x3328f7f4a1d1c57c35df56bbf0c9dcafca309c49;0.0;0.0;0;0;0.0;0.0;0.0;0;0;0;0.0;0.0;0.0;0.0;0.0;0.9407;0x5b52574e2990e985878385b6851416a7c540b6d693d0bc4dc67a2750e4b92b14, 0x7b3fd60112df8479b17c7ccb3d38bd6e58ed3d0126b58b7aa10592974c84a97f, 0xd61bdfe701e5e41d713bff41f35dfc3b3a94b21a12ccea88a163f3fc391de358;0.0;0.0;0;0;
0x01aa4a842a0642ccebc621086df1ded474409b51;0.0;0.0;1;1;10.0;10.0;0.0;0;0;0;0.0;0.0;0.0;0.0;0.0;0.0;;0.0;0.0;0;0;
0x20ba96808959ab8f15b5948ec3c239598c8eb8f0;0.11;0.0;1;0;0.11;0.0;0.11;0;0;0;0.0;0.0;0.0;0.0;0.0;0.0;;0.0;0.0;0;0;
0x10c5c1af00bd43e0f527bf39abfd3896337cfedb;0.26;0.0;1;1;3.26;3.0;0.26;3;3;0;0.0;0.0;0.0;0.0;0.0;0.0;;0.0;0.0;0;0;
0x12f9a96965701dff0ad751a333646e9703c096f3;0.0;0.0;1;1;2.0;2.0;0.0;2;2;0;0.0;0.0;0.0;0.0;0.0;0.0;;0.0;0.0;0;0;
0x59893ba2a97437e6a5852f1752bb9de50bcdcb2e;0.0;0.02988;2;1;2.93;2.93;0.0;2;2;0;0.0;2.93;0.02988;0.0;0.0;0.0;0x17b9559ff350443dc36f83f8495e7d980e0f5649dec5ba32dac20a71adf511b1;0.0;0.0;0;0;
0x77777e7a8f844b73f6269bbda7f440af16038d90;0.0;0.0;7;32;372.0;372.0;0.0;0;0;0;0.0;0.0;0.0;0.0;0.0;0.0;;0.0;0.0;0;0;
0xd8bcb71bc7d8ee457f09ecfa54baf1e8e7697a70;1.0;0.0;1;0;1.0;0.0;1.0;0;0;0;0.0;0.0;0.0;0.0;0.0;0.0;;0.0;0.0;0;0;
0x3eb81b24f5c89fe0119998bb8772413d32fec77c;0.0;3.872;1;14;1206.0;1206.0;0.0;0;0;0;0.0;250.0;3.872;0.0;0.0;0.0;0x575adbd333176a1d63c192db9f0c1b409b2c5667680984d15a1da5f9210c5213;0.0;0.0;0;0;
0x9aa0c1e7cdcd1bbe6e5300debb28f377f4488b20;0.0;0.0;2;1;61.66;61.66;0.0;61;61;0;0.0;0.0;0.0;0.0;0.0;0.0;;0.0;0.0;0;0;
0x355c08523e565b639fdc12dbca1fdce13f3cc880;0.8;0.0;1;0;0.8;0.0;0.8;0;0;0;0.0;0.0;0.0;0.0;0.0;0.0;;0.0;0.0;0;0;
0xe8b2c24038079bb624010ca7185d5cdfb716320e;4.61;0.0;1;0;4.61;0.0;4.61;4;0;4;0.0;0.0;0.0;0.0;0.0;0.0;;0.0;0.0;0;0;
0xa97ae6eac4c14c4fcd97f9e0ce4f3e682401bf23;20.0;0.0;1;0;20.0;0.0;20.0;0;0;0;0.0;0.0;0.0;0.0;0.0;0.0;;0.0;0.0;0;0;
0xdf2968383a3872e5036cd73fb411d0dabb224253;0.0;0.0;1;3;40.0;40.0;0.0;0;0;0;0.0;0.0;0.0;0.0;0.0;0.0;;0.0;0.0;0;0;
0x502c4b31e10c7fd8056caa431e396efb691433df;0.78;0.0;1;1;11.78;11.0;0.78;11;11;0;0.0;0.0;0.0;0.0;0.0;0.0;;0.0;0.0;0;0;
0x38167a183a2898fd6f42557c627649750fe455e7;1.08;0.0;1;0;1.08;0.0;1.08;1;0;1;0.0;0.0;0.0;0.0;0.0;0.0;;0.0;0.0;0;0;
0x6ce5eb571242e22a7f8c809b06965eae6b50f9d2;0.0;0.0;2;1;11.85;11.85;0.0;11;11;0;0.0;0.0;0.0;0.0;0.0;0.0;;0.0;0.0;0;0;
0x87033ad96757ecd730aa1652b1a7dabcc5ffb182;0.0;0.0;11;9;354.2;354.2;0.0;253;253;0;0.0;0.0;0.0;0.0;0.0;0.0;;0.0;0.0;0;0;
0xeb7d0be769cf857afa5626b5f8208528f034b1da;1.84;0.0;1;0;1.84;0.0;1.84;1;0;1;0.0;0.0;0.0;0.0;0.0;0.0;;0.0;0.0;0;0;
0x34c80290e0e0da20259cc8128370783b21ac9b31;1.94;0.0;1;0;1.94;0.0;1.94;1;0;1;0.0;0.0;0.0;0.0;0.0;0.0;;0.0;0.0;0;0;
0x2f8697dfcd8543e0024a246b895350f449f71c29;1.0;0.0;1;0;1.0;0.0;1.0;1;0;1;0.0;0.0;0.0;0.0;0.0;0.0;;0.0;0.0;0;0;
0x5d16c4efea50aa82a420b87be59d1d7370eea82b;0.0;0.0;4;2;93.48;93.48;0.0;92;92;0;0.0;0.0;0.0;0.0;0.0;0.0;;0.0;0.0;0;0;
0x0d4217c4660388442908df4b377f3c72e9eeb944;0.0;0.0;1;1;8.79;8.79;0.0;8;8;0;0.0;0.0;0.0;0.0;0.0;0.0;;0.0;0.0;0;0;
0x620c3a29f0a188f54013cb7cdd9413271b06c99e;0.0;0.0;2;2;67.56;67.56;0.0;26;26;0;0.0;0.0;0.0;0.0;0.0;0.0;;0.0;0.0;0;0;
0xbd1191c7c053918f1b0abfde88bd3deec3559da1;0.0;0.0;1;1;1.35;1.35;0.0;1;1;0;0.0;0.0;0.0;0.0;0.0;0.0;;0.0;0.0;0;0;
0x18efb173b295566d5c582e929ee60c05885c2da4;0.98;-0.01807;1;0;0.98;0.0;0.98;0;0;0;0.9852;0.0;0.0;0.01807;0.0;0.0;0x032f2079e215a15d0394b7e3ed4a834344af92a64acbb01518d012e49b756fcb;0.0;0.0;0;0;
0x709bffa5ef0bd40e2db17dd1496b6dc920693b91;0.0;0.0;1;2;20.0;20.0;0.0;0;0;0;0.0;0.0;0.0;0.0;0.0;0.0;;0.0;0.0;0;0;
0x26dd820243511f6eb4b9efb60cac2d977e1e8691;0.0;0.1952;1;1;20.09;20.09;0.0;20;20;0;0.0;20.09;0.1952;0.0;0.0;0.0;0x56c140cd62d316246ad633e37baaecd3ce6e3f0002dde6ee1716ce2a7a2a52bb;0.0;0.0;0;0;
0x8a0a7f85241d77d8e0b18b63af19722c1cb74471;0.0;0.0;1;1;1.07;1.07;0.0;1;1;0;0.0;0.0;0.0;0.0;0.0;0.0;;0.0;0.0;0;0;
0x2e86c24ec294ff9e50440bd871f5308e35901779;0.0;0.0;1;2;5.0;5.0;0.0;0;0;0;0.0;0.0;0.0;0.0;0.0;0.0;;0.0;0.0;0;0;
0x49033f9ddb1c4f005aba1be48e58eda6fd01caa9;0.0;0.1227;3;3;41.33;41.33;0.0;19;19;0;0.0;10.68;0.1227;0.0;0.0;0.0;0x84ab404811275687f42d6336ab0a656613f4edc082045ad8a9e1ffe5f3120974;0.0;0.0;0;0;
0x53f31a0dcf88aa874166b7593bb739fed4b88888;0.04;0.0;2;1;3.04;3.0;0.04;3;3;0;0.0;0.0;0.0;0.0;0.0;0.0;;0.0;0.0;0;0;
0x8d73a36d78e2ae4a437053c9ce3be70d483ab74d;0.64;0.2914;3;3;77.14;76.5;0.64;77;77;0;0.0;29.0;0.2914;0.0;0.0;0.0;0x8af2554e556e16566fb0c53735f288eb34cb30bb9d3623c4066612fd56e9fa15;0.0;0.0;0;0;
0x1a97da86299669ff12ace1a576d907e64c20213a;3.0;0.0;2;1;7.0;4.0;3.0;2;0;2;0.0;0.0;0.0;0.0;0.0;0.0;;0.0;0.0;0;0;
0xcd40260e92e21648a9c04d704e11da61dd365edf;0.0;0.0;1;1;100.0;100.0;0.0;0;0;0;0.0;0.0;0.0;0.0;0.0;0.0;;0.0;0.0;0;0;
0x7f801b4259740319dca821f78d595bc3ca6daaad;0.0;0.0;1;1;5.0;5.0;0.0;5;5;0;0.0;0.0;0.0;0.0;0.0;0.0;;0.0;0.0;0;0;
0xee6b71b0b9e8a2e7a30f3f966a41c8b414d5e2cc;1.86;0.0;1;0;1.86;0.0;1.86;1;0;1;0.0;0.0;0.0;0.0;0.0;0.0;;0.0;0.0;0;0;
0xc2fc0db01c547e5a4a20bec4f18f5ba7c4d75940;0.83;0.0;1;0;0.83;0.0;0.83;0;0;0;0.0;0.0;0.0;0.0;0.0;0.0;;0.0;0.0;0;0;
0x422412ee213110bc6a7ef3d1d14237893a862bb2;0.0;0.0;1;1;5.05;5.05;0.0;5;5;0;0.0;0.0;0.0;0.0;0.0;0.0;;0.0;0.0;0;0;
0x67f7cc33567ca786c9842fb65971af1d5544bfbc;0.0;0.0;1;1;1.0;1.0;0.0;1;1;0;0.0;0.0;0.0;0.0;0.0;0.0;;0.0;0.0;0;0;
0x09ecf9a4ec8b3c6b0c14ba4fb7485bb8bcf84f84;0.0;0.0;2;2;8.0;8.0;0.0;0;0;0;0.0;0.0;0.0;0.0;0.0;0.0;;0.0;0.0;0;0;
0x4b52db0454d9593b633dab3ae5f037976899e576;0.0;0.02717;1;1;2.0;2.0;0.0;0;0;0;0.0;2.0;0.02717;0.0;0.0;0.0;0x336554518cacd6bcaad892d2769c75e6a8e874a2f6af38f4087f842e273218b6;0.0;0.0;0;0;
0x7b5f6d5a8cf55442c1059ce60c4dbc473518299b;0.0;0.0;1;1;3.0;3.0;0.0;0;0;0;0.0;0.0;0.0;0.0;0.0;0.0;;0.0;0.0;0;0;
0x74aa6637383ba5399ee6e08fb398e93e51a6829c;0.0;0.0;3;2;5.96;5.96;0.0;2;2;0;0.0;0.0;0.0;0.0;0.0;0.0;;0.0;0.0;0;0;
0xabf61252a5fdc6406907e389ae987f0db75fd6ce;0.82;0.0;1;0;0.82;0.0;0.82;0;0;0;0.0;0.0;0.0;0.0;0.0;0.0;;0.0;0.0;0;0;
0xa1a8314f5a3e390ce27d58670b581aeb54e18f05;3.0;0.0;1;0;3.0;0.0;3.0;3;0;3;0.0;0.0;0.0;0.0;0.0;0.0;;0.0;0.0;0;0;
0xf59ada6f6d70fbf09ffbeb155b55192a772b2990;1.16;0.0;1;0;1.16;0.0;1.16;1;0;1;0.0;0.0;0.0;0.0;0.0;0.0;;0.0;0.0;0;0;
0xbe282964a78d5a7086220b292fe9d01030e8de8f;0.78;0.06101;2;1;5.78;5.0;0.78;5;5;0;0.0;5.0;0.06101;0.0;0.0;0.0;0x833d243eae88fddd2e0e3d41ab4b8b644b40b2521da86475299db3b480eccbe2;0.0;0.0;0;0;
0xa42d721ddc5247b5b939666b26081394ffa4ce8f;0.99;-0.0128;1;0;0.99;0.0;0.99;0;0;0;0.9971;0.0;0.0;0.0128;0.0;0.0;0x1109ceef064e79e4b739f6580572004210b588e1244abc67958a6a4d348df464;0.0;0.0;0;0;
0x74de5d4fcbf63e00296fd95d33236b9794016631;0.0;0.0;1;1;4.0;4.0;0.0;4;4;0;0.0;0.0;0.0;0.0;0.0;0.0;;0.0;0.0;0;0;
0x57b2e0a2b28bd6821f4ac95175487b98c4269203;19.23;0.0;1;0;19.23;0.0;19.23;19;0;19;0.0;0.0;0.0;0.0;0.0;0.0;;0.0;0.0;0;0;
0x531844a86e381866364c4ff89a17cd93b0b463b0;0.0;0.0;1;2;10.0;10.0;0.0;0;0;0;0.0;0.0;0.0;0.0;0.0;0.0;;0.0;0.0;0;0;
0x687b808455d5fa1f5c0843499d310a45461dbc61;0.7;0.0;1;0;0.7;0.0;0.7;0;0;0;0.0;0.0;0.0;0.0;0.0;0.0;;0.0;0.0;0;0;
0xcd3bf671c89e9292411bbfc740c4a93fc21a27eb;0.0;0.04668;1;1;3.9;3.9;0.0;3;3;0;0.0;3.9;0.04668;0.0;0.0;0.0;0xc9cb3284b888f7cb9101a2b4ba179c028dd112926aadf1494f89a1d9b0fd73e6;0.0;0.0;0;0;
0x39ae40a0841ad4a98f8f33d0c095abc84d6c4fe1;0.0;0.0;2;1;37.73;37.73;0.0;37;37;0;0.0;0.0;0.0;0.0;0.0;0.0;;0.0;0.0;0;0;
0xc4a195c14398c01197585d0b5946c56379760265;0.0;0.1256;3;2;20.01;20.01;0.0;19;19;0;0.0;9.72;0.1256;0.0;0.0;0.0;0xe8c7c6f68bc2b5b70d24c772aa0c457e2147a4b3dee35e7bf5af39cd9977d72c;0.0;0.0;0;0;
0xc7d09474caede67651801f3398a5df9a4bda4505;2.68;0.0;1;0;2.68;0.0;2.68;2;0;2;0.0;0.0;0.0;0.0;0.0;0.0;;0.0;0.0;0;0;
0x7152d8cbb8a4e607946a469764b61c38fea3103f;0.0;0.0;1;1;1.64;1.64;0.0;1;1;0;0.0;0.0;0.0;0.0;0.0;0.0;;0.0;0.0;0;0;
0x6aa6ac660c404ceec1e4dc6fa1ab679b4f3458fb;0.14;0.0;7;2;37.64;37.5;0.14;37;37;0;0.0;0.0;0.0;0.0;0.0;0.0;;0.0;0.0;0;0;
0x2d7d5a9ad74f16d310ab59dc676e9978a1ceda02;1.0;0.0;1;0;1.0;0.0;1.0;1;0;1;0.0;0.0;0.0;0.0;0.0;0.0;;0.0;0.0;0;0;
0x19bc26421e4165b67f82bdb7adbdba6fbfd3d5a4;0.0;0.0;1;1;5.0;5.0;0.0;0;0;0;0.0;0.0;0.0;0.0;0.0;0.0;;0.0;0.0;0;0;
0x4c5933b70982ac72d0a57e8cc5886f81a9b6a0ad;0.0;0.0;2;1;11.44;11.44;0.0;11;11;0;0.0;0.0;0.0;0.0;0.0;0.0;;0.0;0.0;0;0;
0x7565bea918d60e768933e8dde8fe4aed993606a5;4.04;0.0;2;0;4.04;0.0;4.04;4;0;4;0.0;0.0;0.0;0.0;0.0;0.0;;0.0;0.0;0;0;
0x76658d88f009280be60507e81861a949a35e30b7;0.0;0.0;1;1;1.87;1.87;0.0;1;1;0;0.0;0.0;0.0;0.0;0.0;0.0;;0.0;0.0;0;0;
0x768f1621f176b2010647be124f1f252ca849d6a7;0.0;0.0;1;1;5.0;5.0;0.0;0;0;0;0.0;0.0;0.0;0.0;0.0;0.0;;0.0;0.0;0;0;
0x68b531349eb44496943be5ff15a5f510849d561f;0.0;0.0;2;1;13.0;13.0;0.0;0;0;0;0.0;0.0;0.0;0.0;0.0;0.0;;0.0;0.0;0;0;
0xa7b5ca022774bd02842932e4358ddcbea0ccaade;0.0;0.0;4;4;32.0;32.0;0.0;7;7;0;0.0;0.0;0.0;0.0;0.0;0.0;;0.0;0.0;0;0;
0x6175e7a985caeac2db12fada99e626ebd6fe7bcc;0.0;0.6077;3;1;34.71;34.71;0.0;34;34;0;0.0;34.71;0.6077;0.0;0.0;0.0;0x98d817d902a5165ee07516e2ab365bf64d4741adff495552d8dc74f7b76bad13;0.0;0.0;0;0;
0x6a20bc526dc34cdc0ad3649e52c49a365171794e;25.76;0.0;1;0;25.76;0.0;25.76;25;0;25;0.0;0.0;0.0;0.0;0.0;0.0;;0.0;0.0;0;0;
0x2fc6a9bc57c04af455673c65504d264c24ec5047;1.42;0.0;1;0;1.42;0.0;1.42;1;0;1;0.0;0.0;0.0;0.0;0.0;0.0;;0.0;0.0;0;0;
0xf4b761d98b828175e09bba0fd5a616d44c35bde2;0.0;0.0;7;2;35.99;35.99;0.0;35;35;0;0.0;0.0;0.0;0.0;0.0;0.0;;0.0;0.0;0;0;
0xa6381631e0634e97e23a80a3c57f9582aa959e16;0.0;0.0;1;1;143.6;143.6;0.01;143;143;0;0.0;0.0;0.0;0.0;0.0;0.0;;0.0;0.0;0;0;
0x66d8de22b53a6ae35bf9b9df66e61fae1e11e633;0.0;0.0;5;5;51.48;51.48;0.0;50;50;0;0.0;0.0;0.0;0.0;0.0;0.0;;0.0;0.0;0;0;
0x66788c170ca165e8933c6cbcbfd5ef6905e80264;0.0;0.0;2;1;56.92;56.92;0.0;56;56;0;0.0;0.0;0.0;0.0;0.0;0.0;;0.0;0.0;0;0;
0x4614840e8978652db0e3cc1fbc70987ff17b972c;16.92;0.0;2;0;16.92;0.0;16.92;16;0;16;0.0;0.0;0.0;0.0;0.0;0.0;;0.0;0.0;0;0;
0x503514046121103d66337a867e23c19be8617b30;0.0;0.0;1;1;10.72;10.72;0.0;10;10;0;0.0;0.0;0.0;0.0;0.0;0.0;;0.0;0.0;0;0;
0x84cdf416801fb551c7f29018c8fa2e22f20b1a10;0.0;0.0;1;1;0.58;0.58;0.0;0;0;0;0.0;0.0;0.0;0.0;0.0;0.0;;0.0;0.0;0;0;
0xc95c51caaddb5897966508005d75e53dcb7fc975;0.05;0.2186;3;1;15.05;15.0;0.05;15;15;0;0.0;15.0;0.2186;0.0;0.0;0.0;0x11f94b9f5dd9695b9681108b7526a6ae231e49f6cd7fc598e99b81dd461fb1f8;0.0;0.0;0;0;
0xbffba2db353e6de6c461ee4f031a8747caa3ca67;0.32;0.0;3;2;43.55;43.23;0.32;43;43;0;0.0;0.0;0.0;0.0;0.0;0.0;;0.0;0.0;0;0;
0xa417d3c6a8931c5ef6d0b53ed2db244859422788;2.36;0.0;2;0;2.36;0.0;2.36;2;0;2;0.0;0.0;0.0;0.0;0.0;0.0;;0.0;0.0;0;0;
0xf9e12d9773ddc14eba89bd1c132e62465f075695;0.23;0.0;1;0;0.23;0.0;0.23;0;0;0;0.0;0.0;0.0;0.0;0.0;0.0;;0.0;0.0;0;0;
0x3771b2553adb08e104823f0d08cb6f0fafa3f6ad;0.0;0.1325;1;1;10.0;10.0;0.0;0;0;0;0.0;10.0;0.1325;0.0;0.0;0.0;0x47d3cba92d88369c9b0b441f084392fb4e2249bf09d79da369cc02b034bfeea6;0.0;0.0;0;0;
0x612c45551195f15bf05d722b9f137c914b077fc7;0.98;-0.0181;1;0;0.98;0.0;0.98;0;0;0;0.9848;0.0;0.0;0.0181;0.0;0.0;0xd1ee9b22480c28e57b477f7a4297c11391ef7e575a914482d15c99ee47b70c25;0.0;0.0;0;0;
0x9efb0d96eecb8721db8ed92c371feebfb6ae8bd6;0.0;0.01438;1;1;1.22;1.22;0.0;1;1;0;0.0;1.22;0.01438;0.0;0.0;0.0;0x08ff852aedc7d6b86a3a49dc4714ad38660d28d78a901766f89e971857354926;0.0;0.0;0;0;
0xb0f931399ee0e75d4f0e0097c49afce9d2622455;0.0;0.0;1;1;16.09;16.09;0.0;16;16;0;0.0;0.0;0.0;0.0;0.0;0.0;;0.0;0.0;0;0;
0x1111111254eeb25477b68fb85ed929f73a960582;0.01;0.0;1;1;6.83;6.82;0.01;6;6;0;0.0;0.0;0.0;0.0;0.0;1.082;0x41c8f76f91965227f25c7fb37d7a280df793e9362701de6f4961f831b7f58e33, 0x336554518cacd6bcaad892d2769c75e6a8e874a2f6af38f4087f842e273218b6, 0x458a6c7d4ac2470475da1ae47ac6e58f5a5fd16dc865377d36a15d465c56111b, 0x98d817d902a5165ee07516e2ab365bf64d4741adff495552d8dc74f7b76bad13, 0x694e7341d950ce924a6ea538ec9624cf09ee0cafc92a43c9f9034d19cc152542, 0xc18e9468dfd8ad0bf5c218058024b087d4e86299a544654b0ac867a80123e347;0.0;0.0;0;0;
0xb2d392abb24e79baf51eec7e2a9955509a42663b;0.0;0.0;3;3;15.13;15.13;0.0;15;15;0;0.0;0.0;0.0;0.0;0.0;0.1746;0x833b77fe741808438e6899267a930969ddf42ebbc265dc81cddb94edbbc1340a, 0xe07a46307ffbbc6cdcacfde3a9ac46f72dc57c2ed743bfb03bbe3acdc6e45fde;0.0;0.0;0;0;
0xb4bfd9efa6301f1c8cc66110966112a11097c06c;0.09;0.0;1;0;0.09;0.0;0.09;0;0;0;0.0;0.0;0.0;0.0;0.0;0.0;;0.0;0.0;0;0;
0xf4634c7c210f824ddb060a534a4fe0c070cb4bf2;0.0;0.0;1;1;5.0;5.0;0.0;5;5;0;0.0;0.0;0.0;0.0;0.0;0.0;;0.0;0.0;0;0;
0x72a3c19e913355a2b5dd7b7083807b4f9bab5a4b;0.0;0.2953;1;1;30.0;30.0;0.0;30;30;0;0.0;30.0;0.2953;0.0;0.0;0.0;0x22f6169ba9237030ad954f465473c032ef4ed429420d781ff7b8be8941c6148f;0.0;0.0;0;0;
0xbe9064c409224d858f5fb12a5d3e8e417d9e28b7;0.0;0.0;1;1;18.28;18.28;0.0;18;18;0;0.0;0.0;0.0;0.0;0.0;0.0;;0.0;0.0;0;0;
0x846408aff859f4223f50fc439642d9f2ed7d0ba8;0.0;0.0;1;1;6.7;6.7;0.0;6;6;0;0.0;0.0;0.0;0.0;0.0;0.0;;0.0;0.0;0;0;
0x93969270ffa34ee09896fea4f9260e9246c73fc1;2.29;0.0;1;0;2.29;0.0;2.29;2;0;2;0.0;0.0;0.0;0.0;0.0;0.0;;0.0;0.0;0;0;
0x5550d13389bb70f45fcef58f19f6b6e87f6e747d;0.0;0.0;1;1;23.02;23.02;0.0;23;23;0;0.0;0.0;0.0;0.0;0.0;0.0;;0.0;0.0;0;0;
0xdd24532af28bf3ab168b1170c547926268164a30;0.0;0.0;1;1;5.68;5.68;0.0;5;5;0;0.0;0.0;0.0;0.0;0.0;0.0;;0.0;0.0;0;0;
0x2baecab1c90400af11e637b27131de766e921f05;50.0;0.0;1;0;50.0;0.0;50.0;0;0;0;0.0;0.0;0.0;0.0;0.0;0.0;;0.0;0.0;0;0;
0xf1f075b6ae5fafe94c7247b6066112723eb62272;0.0;0.0;1;1;2.7;2.7;0.0;2;2;0;0.0;0.0;0.0;0.0;0.0;0.0;;0.0;0.0;0;0;
0x6f3fc59e084600569aa3496a139d88c172444a7d;0.13;0.0;3;1;4.59;4.46;0.13;4;4;0;0.0;0.0;0.0;0.0;0.0;0.0;;0.0;0.0;0;0;
0xb40bbb5b8f9740be4c348230c13ff21e686ab171;1.18;0.0;1;0;1.18;0.0;1.18;1;0;1;0.0;0.0;0.0;0.0;0.0;0.0;;0.0;0.0;0;0;
0xcc058f6960ab2994c1e4e9bff414d990f54b93f0;0.0;0.00811;2;1;1.99;1.99;0.0;0;0;0;0.99;1.99;0.02018;0.01207;0.0;0.0;0xfe2e8f9f6875201f3035de87e7fb98e42de862c21a2fe73360192c4d1f6a51ee, 0x8eefcef87ce04f39e03f2d4232724d68e9b2db6919daa809196064ed8de1c479;0.0;0.0;0;0;
0x3fc91a3afd70395cd496c647d5a6cc9d4b2b7fad;0.0;0.0;0;0;0.0;0.0;0.0;0;0;0;0.0;0.0;0.0;0.0;0.0;16.36;0x86b775bd7ec454e11f609130cc0c6d27b9d6bc6579ba2ec8fd08c76ec375779f, 0x7f87267adc2ad03db29a455e27b9799066681f82fb5dff417be503ec58e27360, 0x8670033273eeddb51e41c8a5d4b0a28e66c5db1bcd35f086c49cfc40d1c038b3, 0x575adbd333176a1d63c192db9f0c1b409b2c5667680984d15a1da5f9210c5213, 0x7d25e2cd90fda9cdb1a491f14eac9e6c298a4d0a4219ff85db61577252bad251, 0x26c459a041496635454a93cca419ea9ce5be396181f29c6ea61519241c661832, 0xd4f0c1106d4da7c15a18ed1f2897983e4fabf6409a44449807b8b31924d0cc75, 0x3a6ae02d5f329ec67a574a4b5a0a9d745fcb41353fb67ab760b88cae7aba417e, 0x9f5589721e53e48e700636e0c948f7379360ccea4c08ae0aa275c7aa7e9d8b7c, 0x042dc4be9855ddc05aa4fe598da231825088fea1132d8c336249542b8e08e015, 0x9bcfed3dc3c554b23ea11c0b87aabfca0389433c283a3b3c2ba12589a0b681d6, 0x08ff852aedc7d6b86a3a49dc4714ad38660d28d78a901766f89e971857354926, 0x982cf0dd7f833e6f25621b111196717fd8685a5cfc36b3a12b2ccbc4fd01ed5b, 0x8a40012e4bd14dc1729394c5990021dd4e9be7fdfaf71ab90e9b19ac7027a781, 0x2cd7667ffd9f3d299c58797fc7cd6219a43052583086b281fa3deae7b3a5e00c, 0x7ec8d937ea0a2367bb79781a159aba6468392a2ed492c1ab84302c794b0a4e35, 0xc5954ba1fd6ede0ccd8ced5e00f9d19dad1e09b59a64e6916af445dbc6d7d5ef, 0x22f6169ba9237030ad954f465473c032ef4ed429420d781ff7b8be8941c6148f, 0xa6fec628fdd305cc65c4a8ef15d7c12dd3e2d9aa83424e05d3d6e221c30270cc, 0x17b9559ff350443dc36f83f8495e7d980e0f5649dec5ba32dac20a71adf511b1, 0x5519609c929b2aa98d2881a90a635d3d2a9ff9327df81bf91f64355e723e52c5, 0x0428e866cb42f449d10640be226d8dbcfd197d780347b3d46cb3eff114f54638, 0xfc33c4585a9904f2121387326a625bc21029235a906db9e73853af1e1a87dd1e, 0xd306e05f77dcda3882dfa950a11faeec5552806b4fd938dcb7556626c7948a81, 0x5d0140318e18015da93b27918280dc4c3b0224ea3fd0ec055685524132398d79, 0xc0db86adb0223e5986f1feb4f1297f083155d146351570775352de16daa0b686, 0x8eefcef87ce04f39e03f2d4232724d68e9b2db6919daa809196064ed8de1c479, 0xac44362fa2d1b0b67633ec7a785bcbaf0f883dc883757689de78598a7c57c908, 0xfcc9cb92851b2c55ec3d67e2580b26b4766ee81505169cfbe6be4e123e058227, 0x8c8d77f4f4cf0e31d44b80ccf37fd56f1001842e5b4c72d3a84a73e11e2a5567, 0x9293c4cc6d85f2f52aebdf5c57786711d1db9dfb77e524871ab0afb811849ca1, 0x0edb11517ce8ae3ffbc1ebf43e0bf6161ca90a0e28b60d44d156ced66ce966f5, 0x5006825923793dc2c4dabfdd1ced2b1cfb59e1d48603d2e6c49ff15dd5e903de, 0x74f553d51225d94b4f266decb7b9d26d5de913bbc65d1d1e3e805bf49d86b16e, 0x47d3cba92d88369c9b0b441f084392fb4e2249bf09d79da369cc02b034bfeea6, 0x5280fb2785a85e8557199eda012999f2a3a396514b08466502fa20737126b659, 0x53f2591e4cd92694e5c0ae953fe7cf7a4877175b1c19dd19715e09ce7e070cde, 0xf681ea395ba24bc68a1d48f2cd72f65dbc3234f18513e597ab97f05fd04d83fd, 0x04e19b1fd2ad12f09f4a9ffb7c837965f402a604953e4df291ab7ba51a06bb40, 0x2457ae3f7d250c2bac86dad5b34ffda74d4c94bbd40ab960e37cea0173c5c1dc, 0x3f2f9bd621ca16f7de1a3b4ed6363a950de14016445b0c554b889775aef531c6, 0x6d568587960b40805675f917905d9a753cfd67389d10a4224f3b937b4904f9fc, 0xe2c230b18a0776a72156a87ea0bba1c0972c9b3315ced3c04206e6f8d00fee72, 0x0565cd3c3a04c451bbe729e06d206321ab1fb13dbb1d73a4baeebd0f9e1a9a04, 0x5eff7167e3657e76237aeae72b70b52d1a226641c2c63fbc985d5029ce3681a7, 0x0d525fac0b886271ca05c75f93a17ea49838ad2764669ce83950deeb69db7881, 0xc9cb3284b888f7cb9101a2b4ba179c028dd112926aadf1494f89a1d9b0fd73e6, 0xc16dbe9515af4d25c70cc54c9a92c6c9d00ea321065ce7d2b648eb3fd8a5eec0, 0x471e681bdaf8782b57c7292850c46b8f7dd07f1c2bf63944afab6ef31c6e8754, 0x2c30ea6a2a17877e902c6cf6ab25c0290646e06cc1538dc696cfbdc8c6e53fab, 0x442475b23579f01cb078929b84c99b7fe5dbbc97bff3deda7b890f6bf4e54a16, 0x3997ccf6ff11ba460809786410688ebbca5553e4f736ff7db0cd847aed531a08, 0xb1dd0c35dcaed8e2433d1eca9cd44ece5088fc9f47a27e43b7f542bb5feb842c, 0xa0fb51870795326badcfeaab3cf52b9b12b30360152cfba26b045ce7db4cb232, 0xcca4f419f7af0bf2bf8c3b797e8a6743cf97824ac3865a5d7bc8057de0fb29f0, 0x170de102fb59b2345713655543c092ae3acf50192305b029d9c1ad705167b979, 0x6674559ab86db5036923d21e5d2beaf33d03a4df3a7669b6f2b3c375be4f97aa, 0x53ae34566714dab9fee0264f9b2a5ef69beba1f2b9d61ab5b6fd6aa81d3ca0cb, 0xe8c7c6f68bc2b5b70d24c772aa0c457e2147a4b3dee35e7bf5af39cd9977d72c, 0x2deb31824623ad2d8649ce18d134ea65248861d321d97e774b7f41403e04e224, 0x5b2a04d157fadde847f0552020dbdc573ff9c5c614ec0482e73d37debc2ff74b, 0x80f00be1692ebca0d0bdd681c471d4f77ed3ba766f04c31959c6b1325af0be19, 0x72dc0098854938bf325a2e3f98cb3cf8a965ba097aa8864ddc840c96ccbe7765, 0xfa6c0e735d14bc70b68a1746fc41c7f953b58e72b60c4a9a42d25678f6f163e0, 0xa6ab5e0d2d6782ebec3ef5c2115e14804018490277643708dbaf93d0e0966c75, 0x56c140cd62d316246ad633e37baaecd3ce6e3f0002dde6ee1716ce2a7a2a52bb, 0xd4aee591aefa7abc0211356a014c09420d3284a144d7bcf400dd6359ca9c4d85, 0x84ab404811275687f42d6336ab0a656613f4edc082045ad8a9e1ffe5f3120974, 0x1b4d3f4b9dd7528898f89beaa72d99ee998897c2a2d5cf6998414205ed4e8250, 0x436a890e47e1264333a70ab86ab162a09de0c2922ea8795f66baf3e5a5f6b17d;0.0;0.0;0;0;
0xf038b3445852993190d3c1071bb8f7546aadc1fa;0.0;0.0;1;1;3.0;3.0;0.0;0;0;0;0.0;0.0;0.0;0.0;0.0;0.0;;0.0;0.0;0;0;
0xecd4e0844bba7552f4e6f0b9b88a7ba0e66a7b5c;0.0;0.0;2;2;119.0;119.0;0.0;50;50;0;0.0;0.0;0.0;0.0;0.0;0.0;;0.0;0.0;0;0;
0x33b5629d0393f3ab334320e012ecf91e816cc2a4;0.0;0.1521;3;1;15.86;15.86;0.0;15;15;0;0.0;15.86;0.1521;0.0;0.0;0.0;0x2deb31824623ad2d8649ce18d134ea65248861d321d97e774b7f41403e04e224;0.0;0.0;0;0;
0x27291b970be79eb325348752957f05c9739e1737;0.0;0.0;1;1;9.96;9.96;0.0;9;9;0;0.0;0.0;0.0;0.0;0.0;0.0;;0.0;0.0;0;0;
0x1fb36220f92b1022ddec658ada94625d6b066649;0.0;0.0;2;2;20.25;20.25;0.0;19;19;0;0.0;0.0;0.0;0.0;0.0;0.0;;0.0;0.0;0;0;
0xb8fe71a788b4bc22b58d1bcbd5f6099981947757;0.0;0.0;1;1;150.0;150.0;0.0;0;0;0;0.0;0.0;0.0;0.0;0.0;0.0;;0.0;0.0;0;0;
0xd4b3867a834c5105b7b090365607d5b674d003cb;0.0;0.04779;1;1;5.02;5.02;0.0;5;5;0;0.0;5.02;0.04779;0.0;0.0;0.0;0xd092c1840c385d28da912dc8a6e8b552d139c28894de349794f4c69307de3b23;0.0;0.0;0;0;
0x5496766e6c5c9f06a88198e5e88aff3ee83e891b;0.32;0.0;1;0;0.32;0.0;0.32;0;0;0;0.0;0.0;0.0;0.0;0.0;0.0;;0.0;0.0;0;0;
0x4adb2981e42241e268e0ef4711af9f0daee0e32e;0.0;0.0;3;1;13.0;13.0;0.0;13;13;0;0.0;0.0;0.0;0.0;0.0;0.0;;0.0;0.0;0;0;
0xd9655eb871a5f657e2e5d2d07f3ca2d18b4cb78a;0.0;0.01913;1;1;2.05;2.05;0.0;2;2;0;0.0;2.05;0.01913;0.0;0.0;0.0;0x442475b23579f01cb078929b84c99b7fe5dbbc97bff3deda7b890f6bf4e54a16;0.0;0.0;0;0;
0x36642ebfc185ade3bbbfffb8325a3eca0e700bbe;0.0;0.0;2;1;20.99;20.99;0.0;20;20;0;0.0;0.0;0.0;0.0;0.0;0.0;;0.0;0.0;0;0;
0x69baf7802aa5aaafc781ee93ffdf029ed367c7e6;0.0;0.0;1;1;5.0;5.0;0.0;5;5;0;0.0;0.0;0.0;0.0;0.0;0.0;;0.0;0.0;0;0;
0xee82179fcf9cb8c76cd297e6780cfe06287a777f;1.0;-0.01195;26;15;576.5;575.5;0.95;570;570;0;0.9528;0.0;0.0;0.01195;0.0;0.0;0x3777ccf8906e5163e09a195c513cb629a07f8eea70592c04c286ee9c804af325;0.0;0.0;0;0;
0xa372bf6678b4d65e2e0be0a155d9b5c2bad99f68;0.0;0.0;1;1;10.0;10.0;0.0;0;0;0;0.0;0.0;0.0;0.0;0.0;0.0;;0.0;0.0;0;0;
0x532a5fc2bdc2ae343ac885d3f644da9e84acc388;1.0;0.0;1;0;1.0;0.0;1.0;1;0;1;0.0;0.0;0.0;0.0;0.0;0.0;;0.0;0.0;0;0;
0x22f9dcf4647084d6c31b2765f6910cd85c178c18;0.0;0.0;2;2;37.5;37.5;0.0;37;37;0;0.0;0.0;0.0;0.0;0.0;0.0;;0.0;0.0;0;0;
0xeb4c5c24468c3e666d01257b76a73326411b7928;0.0;0.0;1;1;3.0;3.0;0.0;0;0;0;0.0;0.0;0.0;0.0;0.0;0.0;;0.0;0.0;0;0;
0x5e4497356dba3aa6b1e19de50cede95cb89f50e5;0.0;0.04753;1;1;3.87;3.87;0.0;3;3;0;0.0;3.87;0.04753;0.0;0.0;0.0;0x0d525fac0b886271ca05c75f93a17ea49838ad2764669ce83950deeb69db7881;0.0;0.0;0;0;
0x94866be528385546b658c85bdcc6f414a2fb5fd4;1.0;0.0;1;0;1.0;0.0;1.0;1;0;1;0.0;0.0;0.0;0.0;0.0;0.0;;0.0;0.0;0;0;
0xb83444086136d1f6caee5084783ad98b7bd7d08f;0.0;0.0;6;3;12.0;12.0;0.0;12;12;0;0.0;0.0;0.0;0.0;0.0;0.0;;0.0;0.0;0;0;
0x59423e089f6770a09d1869b4544e8993f250d1f2;0.0;0.0;1;5;100.0;100.0;0.0;0;0;0;0.0;0.0;0.0;0.0;0.0;0.0;;0.0;0.0;0;0;
0xd235b40933c6ad4a04e2067dcaabf193b8b741f2;0.0;0.0;1;1;5.08;5.08;0.0;5;5;0;0.0;0.0;0.0;0.0;0.0;0.0;;0.0;0.0;0;0;
0x86bf874b4fcc8d674047b2eb6328d3f7464d55f3;4.0;0.0;1;0;4.0;0.0;4.0;4;0;4;0.0;0.0;0.0;0.0;0.0;0.0;;0.0;0.0;0;0;
0x2abaeb6c74493749f050c1d740cc390585fb7ff8;0.0;0.7649;3;1;45.0;45.0;0.0;29;29;0;0.0;45.0;0.7649;0.0;0.0;0.0;0x982cf0dd7f833e6f25621b111196717fd8685a5cfc36b3a12b2ccbc4fd01ed5b;0.0;0.0;0;0;
0xde9991fb7218a5ca3f9c5125eda674926b1a990a;0.0;0.009307;1;1;1.0;1.0;0.0;1;1;0;0.0;1.0;0.009307;0.0;0.0;0.0;0x6d568587960b40805675f917905d9a753cfd67389d10a4224f3b937b4904f9fc;0.0;0.0;0;0;
0x058b7f9a7d0581811e363ecae78a7534a394e262;0.0;0.0;2;1;5.9;5.9;0.0;5;5;0;0.0;0.0;0.0;0.0;0.0;0.0;;0.0;0.0;0;0;
0x894e26a874a71a6eff56d943e8ee0eca45b7d2a2;0.0;0.0;1;1;15.0;15.0;0.0;0;0;0;0.0;0.0;0.0;0.0;0.0;0.0;;0.0;0.0;0;0;
0x80a64c6d7f12c47b7c66c5b4e20e72bc1fcd5d9e;0.0;0.0;0;0;0.0;0.0;0.0;0;0;0;0.0;0.0;0.0;0.0;0.0;2.3;0x833d243eae88fddd2e0e3d41ab4b8b644b40b2521da86475299db3b480eccbe2, 0xff7e2273dcc68eba98a18f39fbb33741e06ecdcb2963975c0973295fc89cc304, 0x3f0ef9b8aa062d12ff4ceff5285be5efac66438118b4ba68f339ef6bb1b1445a, 0x1bfbb75efd7791fe7b60041c9d92e4b08cc5c4b77d9ed57886029828b6f31bef, 0xa563813bf41d67fb13b4e05dfbff84da3065bec9f1df6b5444b8fa40055ed6e4, 0x8af2554e556e16566fb0c53735f288eb34cb30bb9d3623c4066612fd56e9fa15, 0x80f18b58ae59011bf5c76b090bca66f6a94983aa431e429413b6a65941b64d1a, 0x11f94b9f5dd9695b9681108b7526a6ae231e49f6cd7fc598e99b81dd461fb1f8, 0x6d3c1534d14b0128a7ec7ecc8a0fb756161f2646722c6b29e7230973113b91db, 0xa7a092948a09d70e28b9efda696a1f46dc39681967c185c2e41d1491ed16246a, 0x1bb1688fc374a5fcd4a35b1b717c549c3cfd73d359049e144f4fded9e9f4c69e;0.0;0.0;0;0;
0x951b6d50d07c39b0f97a7bb2f5c1e96f07a093d3;6.82;0.0;1;0;6.82;0.0;6.82;6;0;6;0.0;0.0;0.0;0.0;0.0;0.0;;0.0;0.0;0;0;
0xb576010dc09ca8704a954556f4f75e38dcce9a86;0.0;0.0;1;1;20.63;20.63;0.0;20;20;0;0.0;0.0;0.0;0.0;0.0;0.0;;0.0;0.0;0;0;
0x1831322f48dbd8a9323b72d304d6018cf37dd40e;0.0;0.0;2;4;119.0;119.0;0.0;20;20;0;0.0;0.0;0.0;0.0;0.0;0.0;;0.0;0.0;0;0;
0x30312f29c60026aba5174b95cb46d0d7f3d9b8a2;35.26;0.0;3;0;35.26;0.0;35.26;35;0;35;0.0;0.0;0.0;0.0;0.0;0.0;;0.0;0.0;0;0;
0x63e33d47ba498c0dfa45e77402bb58b0fec87a1b;0.0;0.0;2;1;32.0;32.0;0.0;16;16;0;0.0;0.0;0.0;0.0;0.0;0.0;;0.0;0.0;0;0;
0xd4be1ce6baf1a8de9bd424af2beca08b75d7e820;0.0;0.0;2;2;4.0;4.0;0.0;2;2;0;0.0;0.0;0.0;0.0;0.0;0.0;;0.0;0.0;0;0;
0x482b86e8cee5f6f4f714f0f589a321273523826c;0.0;0.0;2;1;20.0;20.0;0.0;10;10;0;0.0;0.0;0.0;0.0;0.0;0.0;;0.0;0.0;0;0;
0x16c50548a5c4887bfb88a40048b7823fe6fd511d;0.0;0.0;2;2;2.0;2.0;0.0;2;2;0;0.0;0.0;0.0;0.0;0.0;0.0;;0.0;0.0;0;0;
0x877a6daacdb3f5e6ca516e43cd831830ecda3d21;0.41;0.0;1;0;0.41;0.0;0.41;0;0;0;0.0;0.0;0.0;0.0;0.0;0.0;;0.0;0.0;0;0;
0xe603a7477fdada2a9ec540ca8daa5bd82235b9e4;0.0;0.0;1;1;2.7;2.7;0.0;2;2;0;0.0;0.0;0.0;0.0;0.0;0.0;;0.0;0.0;0;0;
0x09be3300137574f625a1cd324688de35034b2e6a;0.0;0.0;1;1;7.13;7.13;0.0;7;7;0;0.0;0.0;0.0;0.0;0.0;0.0;;0.0;0.0;0;0;
0x9843bf9d99fdaa7f6b9de6f1c3c253c9ed0d35c9;4.72;0.0;1;0;4.72;0.0;4.72;4;0;4;0.0;0.0;0.0;0.0;0.0;0.0;;0.0;0.0;0;0;
0x6efe8032f11f796eac1ec74ecb77a8d9aa0d069a;0.0;0.0;2;1;36.0;36.0;0.0;36;36;0;0.0;0.0;0.0;0.0;0.0;0.0;;0.0;0.0;0;0;
0xe592427a0aece92de3edee1f18e0157c05861564;0.0;0.0;0;0;0.0;0.0;0.0;0;0;0;0.0;0.0;0.0;0.0;0.0;0.3069;0x98da9b5733908154f43cdd9ad019f60d5eeba192354383ef9516ec366f29a1e4, 0xd092c1840c385d28da912dc8a6e8b552d139c28894de349794f4c69307de3b23;0.0;0.0;0;0;
0x55092ec47413ea060322ac873f9b7746aa34adf9;0.0;0.0;2;1;8.42;8.42;0.0;8;8;0;0.0;0.0;0.0;0.0;0.0;0.0;;0.0;0.0;0;0;
0x37b9e94e3d572c604da849c2719a9155c710b404;0.0;0.0;2;2;2.33;2.33;0.0;2;2;0;0.0;0.0;0.0;0.0;0.0;0.0;;0.0;0.0;0;0;
0x40823ab89697c850c76068d6f667b7069d148bad;0.0;0.0;1;1;1.0;1.0;0.0;1;1;0;0.0;0.0;0.0;0.0;0.0;0.0;;0.0;0.0;0;0;
0x0096913d68a000311266250f0000000000e04c00;0.0;0.0;6;6;5.67;5.67;0.0;0;0;0;0.0;0.0;0.0;0.0;0.62;0.1125;0xc27709ed40d447742ea6c932a870749072a5d9ab4073fac628761fc9f8f618f5, 0x9f845c1df5abf488bb43979ac9ee15c2b4dc62011b3ae332a9c8bfe2df404bcf, 0x7ce8efd583388296b80c6ecd8a1e48cbd2fa56a22412390a692e98aa7c26c8c5, 0x242bb1640b53498900d1558c6714ed121e19d884ec5aefebb65aeb5d198b04b1, 0xec6af38ac84215d30f21451f3a9090326c280850bce00976c101e1e44955b6c6, 0xa873caac7e377dc4ee8bf5fa4ee18400734320ac38d1117169f9983ef0095ca7, 0x920eaffbf916c382cfa6909bbd3e06eb669a996eb3c2360174b1187f6bf44931;0.0;0.0;0;0;
0x4fd556e95f3901e11a63f8d49d35a12db577ed4b;0.29;0.0;1;0;0.29;0.0;0.29;0;0;0;0.0;0.0;0.0;0.0;0.0;0.0;;0.0;0.0;0;0;
0x8f97f52b0040476f8b255750cdcaf1082f85b5c2;7.59;0.0;2;0;7.59;0.0;7.59;7;0;7;0.0;0.0;0.0;0.0;0.0;0.0;;0.0;0.0;0;0;
0xe1340bb361896db405b3e54e93b0ac3626f6c709;0.0;0.0;2;2;70.0;70.0;0.0;20;20;0;0.0;0.0;0.0;0.0;0.0;0.0;;0.0;0.0;0;0;
0xea55c19f1653063b66fa30fadd001dbf02f070f4;10.07;0.0;5;0;10.07;0.0;10.07;10;0;10;0.0;0.0;0.0;0.0;0.0;0.0;;0.0;0.0;0;0;
0x8679363d3ad84555c95b6e7f0d9f38ba5df5b32b;0.69;0.0;1;0;0.69;0.0;0.69;0;0;0;0.0;0.0;0.0;0.0;0.0;0.0;;0.0;0.0;0;0;
0xf9bfaa6c15dbec036db58574ac60de13f2930c04;0.0;0.0;3;4;66.58;66.58;0.0;66;66;0;0.0;0.0;0.0;0.0;0.0;0.0;;0.0;0.0;0;0;
0x505920cf689dc11bc0fb6013c4d0ec5c59ebb7c1;4.0;0.0;1;0;4.0;0.0;4.0;4;0;4;0.0;0.0;0.0;0.0;0.0;0.0;;0.0;0.0;0;0;
0x6c56358e0cf40b3043c46d9bb5ec6c6b10838fc0;0.0;0.0;1;1;4.0;4.0;0.0;4;4;0;0.0;0.0;0.0;0.0;0.0;0.0;;0.0;0.0;0;0;
0xaab961723e77c77af13968f89beb80ee8c815cf4;0.0;0.0;2;3;35.18;35.18;0.0;35;35;0;0.0;0.0;0.0;0.0;0.0;0.0;;0.0;0.0;0;0;
0x729336e83a77550e9ab81f25f2a497a77d9caddb;0.0;0.0;1;1;2.91;2.91;0.0;2;2;0;0.0;0.0;0.0;0.0;0.0;0.0;;0.0;0.0;0;0;
0xf081470f5c6fbccf48cc4e5b82dd926409dcdd67;0.0;0.0;4;5;144.9;144.9;0.01;144;143;1;0.0;0.0;0.0;0.0;0.0;0.0;;0.0;0.0;0;0;
0x21fd08a5dd27ae6c1f4550f7c1114ace78a837bf;18.49;0.0;3;0;18.49;0.0;18.49;18;0;18;0.0;0.0;0.0;0.0;0.0;0.0;;0.0;0.0;0;0;
0xf506835937f5fab0ffff1782c99c376111b31203;0.0;0.0;2;1;15.0;15.0;0.0;5;5;0;0.0;0.0;0.0;0.0;0.0;0.0;;0.0;0.0;0;0;
0xe188b0ba723260b14d5c61dcf8e7a69ab4b9cf41;0.0;0.06803;1;1;5.9;5.9;0.0;5;5;0;0.0;5.9;0.06803;0.0;0.0;0.0;0xa6fec628fdd305cc65c4a8ef15d7c12dd3e2d9aa83424e05d3d6e221c30270cc;0.0;0.0;0;0;
0x37ecd22cccfbee42b88a9e4168a5a2a2dfbbfb88;0.0;0.1191;1;2;20.0;20.0;0.0;0;0;0;0.0;12.0;0.1191;0.0;0.0;0.0;0x5d0140318e18015da93b27918280dc4c3b0224ea3fd0ec055685524132398d79;0.0;0.0;0;0;
0x5a3eded19f13e0cb23c417a22c7f08778b83a631;0.0;0.0;4;2;45.0;45.0;0.0;30;30;0;0.0;0.0;0.0;0.0;0.0;0.0;;0.0;0.0;0;0;
0x8dcd09140603138bfd3e803e9794e4db83d6e310;0.0;0.199;5;2;21.92;21.92;0.0;11;11;0;0.0;21.0;0.199;0.0;0.0;0.0;0xcca4f419f7af0bf2bf8c3b797e8a6743cf97824ac3865a5d7bc8057de0fb29f0;0.0;0.0;0;0;
0x3f3ad989e838b2f0ad0bf8211825b7b66af418ee;0.0;0.0;5;3;97.92;97.92;0.0;96;96;0;0.0;0.0;0.0;0.0;0.0;0.0;;0.0;0.0;0;0;
0x92c90a4ea6f205dee545ac348bbf005c4a019c78;2.0;0.0;1;0;2.0;0.0;2.0;2;0;2;0.0;0.0;0.0;0.0;0.0;0.0;;0.0;0.0;0;0;
0xd6846289dd3df8c563bcc837b273b06d5e7dd25f;1.0;0.0;1;0;1.0;0.0;1.0;1;0;1;0.0;0.0;0.0;0.0;0.0;0.0;;0.0;0.0;0;0;
0xd82e6c95eca817d45e72af319d32254133b65573;0.0;0.1265;3;1;9.75;9.75;0.0;9;9;0;0.0;9.75;0.1265;0.0;0.0;0.0;0x80f00be1692ebca0d0bdd681c471d4f77ed3ba766f04c31959c6b1325af0be19;0.0;0.0;0;0;
0x6ae03180afab253c939397fd6d9d3975cb372707;0.0;0.0;1;1;1.0;1.0;0.0;1;1;0;0.0;0.0;0.0;0.0;0.0;0.0;;0.0;0.0;0;0;
0xc8e5ef54ffc35b38f2beb795a70a3ff046364f25;0.0;0.0;1;1;1.85;1.85;0.0;1;1;0;0.0;0.0;0.0;0.0;0.0;0.0;;0.0;0.0;0;0;
0xb2862aa42a8d13900a809b5f64fa2082a943c9aa;21.07;0.0;2;0;21.07;0.0;21.07;21;0;21;0.0;0.0;0.0;0.0;0.0;0.0;;0.0;0.0;0;0;
0x1d1569e8ecb88c0cb35f8920649f1aa66173a8bc;2.0;0.0;1;0;2.0;0.0;2.0;2;0;2;0.0;0.0;0.0;0.0;0.0;0.0;;0.0;0.0;0;0;
0x480145ed9965eac832a5b8a976fb6915e93e0b95;1.33;0.0;1;0;1.33;0.0;1.33;1;0;1;0.0;0.0;0.0;0.0;0.0;0.0;;0.0;0.0;0;0;
0x414533f66a8359db22c3b74733826fdfe7fcc72f;0.0;0.07069;1;1;7.5;7.5;0.0;7;7;0;0.0;7.5;0.07069;0.0;0.0;0.0;0xc16dbe9515af4d25c70cc54c9a92c6c9d00ea321065ce7d2b648eb3fd8a5eec0;0.0;0.0;0;0;
0x80f1b52277b17215cd6bcea5c622721e74d97c77;5.92;0.0;1;0;5.92;0.0;5.92;5;0;5;0.0;0.0;0.0;0.0;0.0;0.0;;0.0;0.0;0;0;
